Nomor_Aplikasi|Nomor_Urut_Pengurus|Jumlah_Pengrus|Sandi_Jabatan_BI|Pangsa_Kepemilikan|Bentuk_Pengurus|Modal_Dasar|Modal_Disetor|Modal_Ditempatkan|NPWP_Pengurus|Nama_Pengurus|Alamat_Pengurus|Alamat_Kelurahan|Alamat_Kecamatan|Alamat_Dati_11|No_KTP|No_Akte|Tanggal_Lahir|Tanggal_Akte|Dati_11_Tempat_Lahir|Jenis_Kelamin
L000001DEVF143523|01|04|10|01913|1|000000096868|000000067279|000000016937|492390442638170|Cemplunk Hardiansyah Panca Mahendra Dimas Tampubolon Panges|JalanJalan Kemang Raya Bhayangkara No.5|KelurahanKelurahan Cibabat 154246098617|Kecamatankecamatan Cimahi 1045697303555|0113|0721066963983457|50217507421311746946417777642|29022023|10102023|0111|B
L000001DEVF143523|02|04|1|05049|1|0000000334379|0000000727366|0000000477194|174380478742066|Cemplunk Hardiansyah Panca Mahendra Dimas Tampubolon Pangest|JalanJalan Kemang Raya Bhayangkara No.34|KelurahanKelurahan Cipageuran 7950194544|Kecamatankecamatan Cileunyi 240485286205|0113|0507024792064664|978633057126893548974930727836|29022023|10102023|0111|M
L000001DEVF143523|03|04|1|01389|2|0000000251326|0000000913591|0000000843399|456200898528188|Cemplunk Hardiansyah Panca Mahendra Dimas Tampubolon Pangest|JalanJalan Kemang Raya Bhayangkara No.14|KelurahanKelurahan Cipageuran 2582081320|Kecamatankecamatan Cimahi 87505403220859|0113|4704401603130187|384578966734044708091938939786|29022023|10102023|0111|L
L000001DEVF143523|04|04|1|01649|2|0000000553962|0000000354493|0000000237882|828067297803782|Cemplunk Hardiansyah Panca Mahendra Dimas Tampubolon Pangest|JalanJalan Kemang Raya Bhayangkara No.39|KelurahanKelurahan Cibabat 8051887950980|Kecamatankecamatan Cimahi 27457694403152|0113|3371362552831417|913077795609397507621270716877|29022023|10102023|0111|P
