Nomor_Aplikasi|Nomor_Urut_Pengurus|Jumlah_Pengrus|Sandi_Jabatan_BI|Pangsa_Kepemilikan|Bentuk_Pengurus|Modal_Dasar|Modal_Disetor|Modal_Ditempatkan|NPWP_Pengurus|Nama_Pengurus|Alamat_Pengurus|Alamat_Kelurahan|Alamat_Kecamatan|Alamat_Dati_11|No_KTP|No_Akte|Tanggal_Lahir|Tanggal_Akte|Dati_11_Tempat_Lahir|Jenis_Kelamin
L000001QU17143523|01|04|10|01913|1|000000035559|000000093684|000000014138|093746077216972|Cemplunk Hardiansyah Panca Mahendra Dimas Tampubolon Panges|JalanJalan Kemang Raya Bhayangkara No.2|KelurahanKelurahan Pasirkaliki 94551348|Kecamatankecamatan Cimahi 6653862133475|0113|1322599727378894|18457652083386216906966286470|29022023|10102023|0111|B
L000001QU17143523|02|04|1|05049|1|0000000185268|0000000459834|0000000886289|377638457235927|Cemplunk Hardiansyah Panca Mahendra Dimas Tampubolon Pangest|JalanJalan Kemang Raya Bhayangkara No.61|KelurahanKelurahan Cibabat 7622228690902|Kecamatankecamatan Bojongsoang 801771048|0113|7527472100764231|004182223150333805771587869430|29022023|10102023|0111|M
L000001QU17143523|03|04|1|01389|2|0000000977118|0000000467922|0000000212761|645589311012556|Cemplunk Hardiansyah Panca Mahendra Dimas Tampubolon Pangest|JalanJalan Kemang Raya Bhayangkara No.63|KelurahanKelurahan Cibabat 8496533921986|Kecamatankecamatan Bojongsoang 854965024|0113|3520866812284092|577731828843976067603674644652|29022023|10102023|0111|L
L000001QU17143523|04|04|1|01649|2|0000000226781|0000000648561|0000000591578|935809815660703|Cemplunk Hardiansyah Panca Mahendra Dimas Tampubolon Pangest|JalanJalan Kemang Raya Bhayangkara No.92|KelurahanKelurahan Cibabat 2000070949678|Kecamatankecamatan Cimahi 52439098449399|0113|4267813121118748|652015146846380789765924369485|29022023|10102023|0111|P
