Nomor_Aplikasi|Nomor_Urut_Pengurus|Jumlah_Pengrus|Sandi_Jabatan_BI|Pangsa_Kepemilikan|Bentuk_Pengurus|Modal_Dasar|Modal_Disetor|Modal_Ditempatkan|NPWP_Pengurus|Nama_Pengurus|Alamat_Pengurus|Alamat_Kelurahan|Alamat_Kecamatan|Alamat_Dati_11|No_KTP|No_Akte|Tanggal_Lahir|Tanggal_Akte|Dati_11_Tempat_Lahir|Jenis_Kelamin
L000001DPQF143523|01|04|10|01913|1|000000079923|000000061944|000000098824|707770364981434|Cemplunk Hardiansyah Panca Mahendra Dimas Tampubolon Panges|JalanJalan Kemang Raya Bhayangkara No.4|KelurahanKelurahan Cipageuran 361127819|Kecamatankecamatan Cimahi 6336512686340|0113|6269956749988568|68039707499947482305224050617|29022023|10102023|0111|B
L000001DPQF143523|02|04|1|05049|1|0000000724619|0000000266166|0000000267531|958441362779370|Cemplunk Hardiansyah Panca Mahendra Dimas Tampubolon Pangest|JalanJalan Kemang Raya Bhayangkara No.93|KelurahanKelurahan Citeureup 53988183428|Kecamatankecamatan Bojongsoang 916823245|0113|5313487594496473|281722650079224880161852130640|29022023|10102023|0111|M
L000001DPQF143523|03|04|1|01389|2|0000000779242|0000000381311|0000000789724|566034104753690|Cemplunk Hardiansyah Panca Mahendra Dimas Tampubolon Pangest|JalanJalan Kemang Raya Bhayangkara No.19|KelurahanKelurahan Cipageuran 7516637871|Kecamatankecamatan Cimahi 83019621302782|0113|0341372234443274|050397000533474037236515039332|29022023|10102023|0111|L
L000001DPQF143523|04|04|1|01649|2|0000000327757|0000000725752|0000000251355|977906335836934|Cemplunk Hardiansyah Panca Mahendra Dimas Tampubolon Pangest|JalanJalan Kemang Raya Bhayangkara No.52|KelurahanKelurahan Citeureup 84288053933|Kecamatankecamatan Bojongsoang 984051071|0113|4533832968901852|996039353535373839087846436493|29022023|10102023|0111|P
