Nomor_Aplikasi|Nomor_Urut_Pengurus|Jumlah_Pengrus|Sandi_Jabatan_BI|Pangsa_Kepemilikan|Bentuk_Pengurus|Modal_Dasar|Modal_Disetor|Modal_Ditempatkan|NPWP_Pengurus|Nama_Pengurus|Alamat_Pengurus|Alamat_Kelurahan|Alamat_Kecamatan|Alamat_Dati_11|No_KTP|No_Akte|Tanggal_Lahir|Tanggal_Akte|Dati_11_Tempat_Lahir|Jenis_Kelamin
L000001Y1F9143523|01|04|10|01913|1|000000087541|000000087229|000000084228|749850816690831|Cemplunk Hardiansyah Panca Mahendra Dimas Tampubolon Panges|JalanJalan Kemang Raya Bhayangkara No.4|KelurahanKelurahan Cipageuran 830473000|Kecamatankecamatan Cimahi 6933692354524|0113|1186528829235391|13669024568638576360617381337|29022023|10102023|0111|B
L000001Y1F9143523|02|04|1|05049|1|0000000224134|0000000121713|0000000726664|020869075175601|Cemplunk Hardiansyah Panca Mahendra Dimas Tampubolon Pangest|JalanJalan Kemang Raya Bhayangkara No.79|KelurahanKelurahan Pasirkaliki 375260161|Kecamatankecamatan Cileunyi 371758995794|0113|3114529331438195|302421008188859778663529422313|29022023|10102023|0111|M
L000001Y1F9143523|03|04|1|01389|2|0000000284522|0000000155568|0000000881711|638205272885278|Cemplunk Hardiansyah Panca Mahendra Dimas Tampubolon Pangest|JalanJalan Kemang Raya Bhayangkara No.47|KelurahanKelurahan Cibabat 0413074567230|Kecamatankecamatan Cimahi 28593844294370|0113|4183135055363508|053776691880483470023621996342|29022023|10102023|0111|L
L000001Y1F9143523|04|04|1|01649|2|0000000125736|0000000557438|0000000361271|709159144591745|Cemplunk Hardiansyah Panca Mahendra Dimas Tampubolon Pangest|JalanJalan Kemang Raya Bhayangkara No.81|KelurahanKelurahan Cipageuran 7006718924|Kecamatankecamatan Bojongsoang 428202669|0113|3477615571000972|257258980913211099298221408859|29022023|10102023|0111|P
