Nomor_Aplikasi|Nomor_Urut_Pengurus|Jumlah_Pengrus|Sandi_Jabatan_BI|Pangsa_Kepemilikan|Bentuk_Pengurus|Modal_Dasar|Modal_Disetor|Modal_Ditempatkan|NPWP_Pengurus|Nama_Pengurus|Alamat_Pengurus|Alamat_Kelurahan|Alamat_Kecamatan|Alamat_Dati_11|No_KTP|No_Akte|Tanggal_Lahir|Tanggal_Akte|Dati_11_Tempat_Lahir|Jenis_Kelamin
L000001WNCQ143523|01|04|10|01913|1|000000093624|000000033338|000000099683|781440750912475|Cemplunk Hardiansyah Panca Mahendra Dimas Tampubolon Panges|JalanJalan Kemang Raya Bhayangkara No.7|KelurahanKelurahan Cipageuran 792309772|Kecamatankecamatan Bojongsoang 21068350|0113|2765383332430017|01802097613363378760303070427|29022023|10102023|0111|B
L000001WNCQ143523|02|04|1|05049|1|0000000921646|0000000313293|0000000486334|568585625148639|Cemplunk Hardiansyah Panca Mahendra Dimas Tampubolon Pangest|JalanJalan Kemang Raya Bhayangkara No.19|KelurahanKelurahan Citeureup 46530464474|Kecamatankecamatan Cileunyi 500298404458|0113|8948279181518452|843565370348572354107961668148|29022023|10102023|0111|M
L000001WNCQ143523|03|04|1|01389|2|0000000557867|0000000332286|0000000922729|993176439352199|Cemplunk Hardiansyah Panca Mahendra Dimas Tampubolon Pangest|JalanJalan Kemang Raya Bhayangkara No.14|KelurahanKelurahan Pasirkaliki 638828929|Kecamatankecamatan Bojongsoang 583914771|0113|3488039328140919|556189573163323068010201071191|29022023|10102023|0111|L
L000001WNCQ143523|04|04|1|01649|2|0000000121369|0000000872264|0000000564747|774031673033225|Cemplunk Hardiansyah Panca Mahendra Dimas Tampubolon Pangest|JalanJalan Kemang Raya Bhayangkara No.41|KelurahanKelurahan Cibabat 6604984071582|Kecamatankecamatan Bojongsoang 450365693|0113|4102906228248025|994558486890733658774408471020|29022023|10102023|0111|P
