Nomor_Aplikasi|Nama_Debitur|Jenis_Debitur|Alamat|Alamat_Kelurahan|Alamat_Kecamatan|Alamat_Kode_Pos|Alamat_KODE_DATI_II|No_Telepon|No_Akte|Tanggal_Berdiri|No_Akte_Terakhir|Tanggal_Akte_Terakhir|Bidang_Usaha|Nomor_NPWP|Jangka_Waktu|Jenis_Kredit|Plafon|Interest_Rate|Nomor_PK|Tanggal_Akad|Tanggal_Angsuran_1|Jenis_Penggunaan|Sektor_Ekonomi|Omzet|Go_Public|Sandi_Golongan_Debitur|Penghasilan_Kotor_Per_Tahun|Bentuk_Badan_Usaha|Tempat_berdiri_badan_usaha
L000001JUF5143523|PT OtoCORP TMCT143523|B|Jalan Bahyang 3|Kelurahan Bahyang 3|Kecamatan Bahyang 3|10003|0112|081900009003|17-AKTA PERUSAHAAN000000000003|04032023|17-AKTA PERUSAHAAN000000000003|06032023|550000|115122649473911|006|P01|000000170000000|01175|00000000000000090051|06032023|05042023|2|451000|00000010000000000|1|S125012529L|000002300000000|18|Jakarta Selatan
L000001AVHW143523|PT OtoCORP NNYG143523|B|Jalan Bahyang 4|Kelurahan Bahyang 4|Kecamatan Bahyang 4|10004|0112|081900009004|17-AKTA PERUSAHAAN000000000004|03032023|17-AKTA PERUSAHAAN000000000007|05032023|550000|411534533873446|006|P01|000000130000000|01175|00000000000000090051|06032023|05042023|2|451000|00000010000000000|1|S125012529L|000002300000000|18|Jakarta Selatan
L000001DPQF143523|PT OtoCORP RDJE143523|B|Jalan Bahyang 5|Kelurahan Bahyang 5|Kecamatan Bahyang 5|10005|0112|081900009005|17-AKTA PERUSAHAAN000000000005|02032023|17-AKTA PERUSAHAAN000000000005|02032023|550000|137137621471154|006|P01|000000130000000|01175|00000000000000090051|06032023|05042023|2|451000|00000010000000000|1|S125012529L|000002300000000|18|Jakarta Selatan
L000001DEVF143523|PT OtoCORP VBQG143523|B|Jalan Bahyang 6|Kelurahan Bahyang 6|Kecamatan Bahyang 6|10006|0112|081900009006|17-AKTA PERUSAHAAN000000000006|29012023|17-AKTA PERUSAHAAN000000000009|27022023|550000|884111318131912|006|P01|000000140000000|01175|00000000000000090051|06032023|05042023|2|451000|00000010000000000|1|S125012529L|000002300000000|18|Jakarta Selatan
L000001QU17143523|PT OtoCORP BSCM143523|B|Jalan Bahyang 7|Kelurahan Bahyang 7|Kecamatan Bahyang 7|10007|0112|081900009007|17-AKTA PERUSAHAAN000000000007|28012023|17-AKTA PERUSAHAAN000000000007|24022023|550000|111111481811768|006|P01|000000120000000|01175|00000000000000090051|06032023|05042023|2|451000|00000010000000000|1|S125012529L|000002300000000|18|Jakarta Selatan
L000001WNCQ143523|PT OtoCORP IGIL143523|B|Jalan Bahyang 8|Kelurahan Bahyang 8|Kecamatan Bahyang 8|10008|0112|081900009008|17-AKTA PERUSAHAAN000000000008|27122022|17-AKTA PERUSAHAAN000000000011|21022023|550000|852551736143544|006|P01|000000120000000|01175|00000000000000090051|06032023|05042023|2|451000|00000010000000000|1|S125012529L|000002300000000|18|Jakarta Selatan
L000001Y1F9143523|PT OtoCORP MJRD143523|B|Jalan Bahyang 9|Kelurahan Bahyang 9|Kecamatan Bahyang 9|10009|0112|081900009009|17-AKTA PERUSAHAAN000000000009|26122022|17-AKTA PERUSAHAAN000000000009|18022023|550000|198299154512396|006|P01|000000140000000|01175|00000000000000090051|06032023|05042023|2|451000|00000010000000000|1|S125012529L|000002300000000|18|Jakarta Selatan
L000001GKL7143523|PT OtoCORP TGTL143523|B|Jalan Bahyang 10|Kelurahan Bahyang 10|Kecamatan Bahyang 10|10010|0112|081900009010|17-AKTA PERUSAHAAN000000000010|24112022|17-AKTA PERUSAHAAN000000000013|15022023|550000|582714178731111|006|P01|000000190000000|01175|00000000000000090051|06032023|05042023|2|451000|00000010000000000|1|S125012529L|000002300000000|18|Jakarta Selatan
