Nomor_Aplikasi|Nama_Debitur|Jenis_Debitur|Alamat|Alamat_Kelurahan|Alamat_Kecamatan|Alamat_Kode_Pos|Alamat_KODE_DATI_II|No_Telepon|No_Akte|Tanggal_Berdiri|No_Akte_Terakhir|Tanggal_Akte_Terakhir|Bidang_Usaha|Nomor_NPWP|Jangka_Waktu|Jenis_Kredit|Plafon|Interest_Rate|Nomor_PK|Tanggal_Akad|Tanggal_Angsuran_1|Jenis_Penggunaan|Sektor_Ekonomi|Omzet|Go_Public|Sandi_Golongan_Debitur|Penghasilan_Kotor_Per_Tahun|Bentuk_Badan_Usaha|Tempat_berdiri_badan_usaha
L000002B4KW092830|PT OtoCORP ANBR092830|B|Jalan Bahyang 3|Kelurahan Bahyang 3|Kecamatan Bahyang 3|10003|0112|081900009003|17-AKTA PERUSAHAAN000000000003|15012023|17-AKTA PERUSAHAAN000000000003|17012023|550000|111294414212141|006|P01|000000170000000|01175|00000000000000090051|17012023|17072023|2|451000|00000010000000000|1|S125012529L|000002300000000|18|Jakarta Selatan
L000002B3LD092830|PT OtoCORP SAKR092830|B|Jalan Bahyang 4|Kelurahan Bahyang 4|Kecamatan Bahyang 4|10004|0112|081900009004|17-AKTA PERUSAHAAN000000000004|14012023|17-AKTA PERUSAHAAN000000000007|16012023|550000|271121436171181|006|P01|000000180000000|01175|00000000000000090051|17012023|17072023|2|451000|00000010000000000|1|S125012529L|000002300000000|18|Jakarta Selatan
L00000232GY092830|PT OtoCORP PMKW092830|B|Jalan Bahyang 5|Kelurahan Bahyang 5|Kecamatan Bahyang 5|10005|0112|081900009005|17-AKTA PERUSAHAAN000000000005|13012023|17-AKTA PERUSAHAAN000000000005|13012023|550000|411311143813634|006|P01|000000130000000|01175|00000000000000090051|17012023|17072023|2|451000|00000010000000000|1|S125012529L|000002300000000|18|Jakarta Selatan
L000002E4K1092830|PT OtoCORP LLNK092830|B|Jalan Bahyang 6|Kelurahan Bahyang 6|Kecamatan Bahyang 6|10006|0112|081900009006|17-AKTA PERUSAHAAN000000000006|12122022|17-AKTA PERUSAHAAN000000000009|10012023|550000|181151541415319|006|P01|000000130000000|01175|00000000000000090051|17012023|17072023|2|451000|00000010000000000|1|S125012529L|000002300000000|18|Jakarta Selatan
L000002PZXK092830|PT OtoCORP JBLB092830|B|Jalan Bahyang 7|Kelurahan Bahyang 7|Kecamatan Bahyang 7|10007|0112|081900009007|17-AKTA PERUSAHAAN000000000007|11122022|17-AKTA PERUSAHAAN000000000007|07012023|550000|113943114587997|006|P01|000000140000000|01175|00000000000000090051|17012023|17072023|2|451000|00000010000000000|1|S125012529L|000002300000000|18|Jakarta Selatan
L000002WGOX092830|PT OtoCORP MLZV092830|B|Jalan Bahyang 8|Kelurahan Bahyang 8|Kecamatan Bahyang 8|10008|0112|081900009008|17-AKTA PERUSAHAAN000000000008|09112022|17-AKTA PERUSAHAAN000000000011|04012023|550000|261191314413611|006|P01|000000170000000|01175|00000000000000090051|17012023|17072023|2|451000|00000010000000000|1|S125012529L|000002300000000|18|Jakarta Selatan
L000002746Z092830|PT OtoCORP QSVM092830|B|Jalan Bahyang 9|Kelurahan Bahyang 9|Kecamatan Bahyang 9|10009|0112|081900009009|17-AKTA PERUSAHAAN000000000009|08112022|17-AKTA PERUSAHAAN000000000009|01012023|550000|319848561116137|006|P01|000000160000000|01175|00000000000000090051|17012023|17072023|2|451000|00000010000000000|1|S125012529L|000002300000000|18|Jakarta Selatan
L000002I2ZB092830|PT OtoCORP FYTK092830|B|Jalan Bahyang 10|Kelurahan Bahyang 10|Kecamatan Bahyang 10|10010|0112|081900009010|17-AKTA PERUSAHAAN000000000010|07102022|17-AKTA PERUSAHAAN000000000013|29122022|550000|511628121992119|006|P01|000000170000000|01175|00000000000000090051|17012023|17072023|2|451000|00000010000000000|1|S125012529L|000002300000000|18|Jakarta Selatan
