Nomor_Aplikasi|Nomor_Urut_Pengurus|Jumlah_Pengrus|Sandi_Jabatan_BI|Pangsa_Kepemilikan|Bentuk_Pengurus|Modal_Dasar|Modal_Disetor|Modal_Ditempatkan|NPWP_Pengurus|Nama_Pengurus|Alamat_Pengurus|Alamat_Kelurahan|Alamat_Kecamatan|Alamat_Dati_11|No_KTP|No_Akte|Tanggal_Lahir|Tanggal_Akte|Dati_11_Tempat_Lahir|Jenis_Kelamin
L000001HCVG132740|01|04|10|01913|1|000000038883|000000019783|000000014487|227629386555642|Cemplunk Hardiansyah Panca Mahendra Dimas Tampubolon Panges|JalanJalan Kemang Raya Bhayangkara No.8|KelurahanKelurahan Cipageuran 423782727|Kecamatankecamatan Cimahi 1081301493472|0113|1881535627171141|26422206563720252709566189368|29022023|10102023|0111|B
L000001HCVG132740|02|04|1|05049|1|0000000668921|0000000538349|0000000543484|448296459077093|Cemplunk Hardiansyah Panca Mahendra Dimas Tampubolon Pangest|JalanJalan Kemang Raya Bhayangkara No.21|KelurahanKelurahan Cibabat 1733137423439|Kecamatankecamatan Cimahi 89174040398075|0113|6183853932091232|542077734036339006978085411781|29022023|10102023|0111|M
L000001HCVG132740|03|04|1|01389|2|0000000557496|0000000264875|0000000529437|501962270864337|Cemplunk Hardiansyah Panca Mahendra Dimas Tampubolon Pangest|JalanJalan Kemang Raya Bhayangkara No.64|KelurahanKelurahan Pasirkaliki 854704882|Kecamatankecamatan Cimahi 98416024531624|0113|5306824947674116|043856552099768357046251771847|29022023|10102023|0111|L
L000001HCVG132740|04|04|1|01649|2|0000000839548|0000000953461|0000000784758|426309032515746|Cemplunk Hardiansyah Panca Mahendra Dimas Tampubolon Pangest|JalanJalan Kemang Raya Bhayangkara No.62|KelurahanKelurahan Cibabat 8086175082236|Kecamatankecamatan Rancaekek 93576762364|0113|8517570196825686|601762306983756515945411528534|29022023|10102023|0111|P
