Nomor_Aplikasi|Nomor_Urut_Pengurus|Jumlah_Pengrus|Sandi_Jabatan_BI|Pangsa_Kepemilikan|Bentuk_Pengurus|Modal_Dasar|Modal_Disetor|Modal_Ditempatkan|NPWP_Pengurus|Nama_Pengurus|Alamat_Pengurus|Alamat_Kelurahan|Alamat_Kecamatan|Alamat_Dati_11|No_KTP|No_Akte|Tanggal_Lahir|Tanggal_Akte|Dati_11_Tempat_Lahir|Jenis_Kelamin
L000001Y3KR132740|01|04|10|01913|1|000000098926|000000046845|000000095398|362901361340748|Cemplunk Hardiansyah Panca Mahendra Dimas Tampubolon Panges|JalanJalan Kemang Raya Bhayangkara No.4|KelurahanKelurahan Cipageuran 185052176|Kecamatankecamatan Cimahi 0853025126243|0113|0006044098277681|72876210805595270999984738735|29022023|10102023|0111|B
L000001Y3KR132740|02|04|1|05049|1|0000000348428|0000000125597|0000000943253|763637147958628|Cemplunk Hardiansyah Panca Mahendra Dimas Tampubolon Pangest|JalanJalan Kemang Raya Bhayangkara No.27|KelurahanKelurahan Citeureup 36451713477|Kecamatankecamatan Cileunyi 573549341342|0113|3272078386093782|624808033687062415744003080610|29022023|10102023|0111|M
L000001Y3KR132740|03|04|1|01389|2|0000000256643|0000000691738|0000000688923|577333650405550|Cemplunk Hardiansyah Panca Mahendra Dimas Tampubolon Pangest|JalanJalan Kemang Raya Bhayangkara No.27|KelurahanKelurahan Cibabat 5748686785060|Kecamatankecamatan Cileunyi 055981483589|0113|5707339424969463|744614508252463092716167451454|29022023|10102023|0111|L
L000001Y3KR132740|04|04|1|01649|2|0000000266214|0000000577263|0000000551981|934276873784237|Cemplunk Hardiansyah Panca Mahendra Dimas Tampubolon Pangest|JalanJalan Kemang Raya Bhayangkara No.27|KelurahanKelurahan Cibabat 5954562835577|Kecamatankecamatan Rancaekek 16289228936|0113|5785007979026699|121763139188486023814063760924|29022023|10102023|0111|P
