Nomor_Aplikasi|Nomor_Urut_Pengurus|Jumlah_Pengrus|Sandi_Jabatan_BI|Pangsa_Kepemilikan|Bentuk_Pengurus|Modal_Dasar|Modal_Disetor|Modal_Ditempatkan|NPWP_Pengurus|Nama_Pengurus|Alamat_Pengurus|Alamat_Kelurahan|Alamat_Kecamatan|Alamat_Dati_11|No_KTP|No_Akte|Tanggal_Lahir|Tanggal_Akte|Dati_11_Tempat_Lahir|Jenis_Kelamin
L000001CFHK132740|01|04|10|01913|1|000000081376|000000092297|000000041791|565819546008600|Cemplunk Hardiansyah Panca Mahendra Dimas Tampubolon Panges|JalanJalan Kemang Raya Bhayangkara No.8|KelurahanKelurahan Cipageuran 337952756|Kecamatankecamatan Cileunyi 44447450835|0113|5863301708449589|67676266735097129498828525141|29022023|10102023|0111|B
L000001CFHK132740|02|04|1|05049|1|0000000229659|0000000353497|0000000568965|818550152468131|Cemplunk Hardiansyah Panca Mahendra Dimas Tampubolon Pangest|JalanJalan Kemang Raya Bhayangkara No.01|KelurahanKelurahan Cibabat 8589650952057|Kecamatankecamatan Rancaekek 37836356507|0113|8570951646994105|266203688529193205181207770701|29022023|10102023|0111|M
L000001CFHK132740|03|04|1|01389|2|0000000843912|0000000292865|0000000282682|810369566485922|Cemplunk Hardiansyah Panca Mahendra Dimas Tampubolon Pangest|JalanJalan Kemang Raya Bhayangkara No.33|KelurahanKelurahan Cipageuran 5566583485|Kecamatankecamatan Cimahi 51887258323597|0113|1809678916435617|536042080944689816823452945243|29022023|10102023|0111|L
L000001CFHK132740|04|04|1|01649|2|0000000143429|0000000591289|0000000117926|291159996701613|Cemplunk Hardiansyah Panca Mahendra Dimas Tampubolon Pangest|JalanJalan Kemang Raya Bhayangkara No.35|KelurahanKelurahan Citeureup 83688971597|Kecamatankecamatan Bojongsoang 785166213|0113|2541794961187480|615108486812179009050466565288|29022023|10102023|0111|P
