Nomor_Aplikasi|Nomor_Urut_Pengurus|Jumlah_Pengrus|Sandi_Jabatan_BI|Pangsa_Kepemilikan|Bentuk_Pengurus|Modal_Dasar|Modal_Disetor|Modal_Ditempatkan|NPWP_Pengurus|Nama_Pengurus|Alamat_Pengurus|Alamat_Kelurahan|Alamat_Kecamatan|Alamat_Dati_11|No_KTP|No_Akte|Tanggal_Lahir|Tanggal_Akte|Dati_11_Tempat_Lahir|Jenis_Kelamin
L000001N59U132740|01|04|10|01913|1|000000025937|000000024168|000000093362|681090552544564|Cemplunk Hardiansyah Panca Mahendra Dimas Tampubolon Panges|JalanJalan Kemang Raya Bhayangkara No.3|KelurahanKelurahan Citeureup 3489806878|Kecamatankecamatan Cimahi 9879870431735|0113|0276487934105742|90144201125689531856511804520|29022023|10102023|0111|B
L000001N59U132740|02|04|1|05049|1|0000000442689|0000000746232|0000000566678|174430617146640|Cemplunk Hardiansyah Panca Mahendra Dimas Tampubolon Pangest|JalanJalan Kemang Raya Bhayangkara No.11|KelurahanKelurahan Cibabat 7736239135063|Kecamatankecamatan Cileunyi 670859948948|0113|1246089707802762|589517467549098205049857908541|29022023|10102023|0111|M
L000001N59U132740|03|04|1|01389|2|0000000581145|0000000324882|0000000918644|320585352805299|Cemplunk Hardiansyah Panca Mahendra Dimas Tampubolon Pangest|JalanJalan Kemang Raya Bhayangkara No.99|KelurahanKelurahan Pasirkaliki 990708792|Kecamatankecamatan Rancaekek 74371431257|0113|2537771402908590|941053207449732818603004814909|29022023|10102023|0111|L
L000001N59U132740|04|04|1|01649|2|0000000225393|0000000255698|0000000592146|916026444260420|Cemplunk Hardiansyah Panca Mahendra Dimas Tampubolon Pangest|JalanJalan Kemang Raya Bhayangkara No.82|KelurahanKelurahan Pasirkaliki 385973918|Kecamatankecamatan Cileunyi 525626909765|0113|5315107928635848|823612303615300889337527307443|29022023|10102023|0111|P
