Nomor_Aplikasi|Nomor_Urut_Pengurus|Jumlah_Pengrus|Sandi_Jabatan_BI|Pangsa_Kepemilikan|Bentuk_Pengurus|Modal_Dasar|Modal_Disetor|Modal_Ditempatkan|NPWP_Pengurus|Nama_Pengurus|Alamat_Pengurus|Alamat_Kelurahan|Alamat_Kecamatan|Alamat_Dati_11|No_KTP|No_Akte|Tanggal_Lahir|Tanggal_Akte|Dati_11_Tempat_Lahir|Jenis_Kelamin
L000001XN21132740|01|04|10|01913|1|000000042263|000000094712|000000023777|525153252980664|Cemplunk Hardiansyah Panca Mahendra Dimas Tampubolon Panges|JalanJalan Kemang Raya Bhayangkara No.5|KelurahanKelurahan Cipageuran 648828602|Kecamatankecamatan Cimahi 7332626019163|0113|0938174595531727|02216717406426938123585690212|29022023|10102023|0111|B
L000001XN21132740|02|04|1|05049|1|0000000773883|0000000757999|0000000129748|535747951926100|Cemplunk Hardiansyah Panca Mahendra Dimas Tampubolon Pangest|JalanJalan Kemang Raya Bhayangkara No.46|KelurahanKelurahan Cibabat 8552291086918|Kecamatankecamatan Cileunyi 662039141465|0113|8089995474211862|533325352671883505031667657509|29022023|10102023|0111|M
L000001XN21132740|03|04|1|01389|2|0000000442773|0000000816144|0000000169727|523195940855792|Cemplunk Hardiansyah Panca Mahendra Dimas Tampubolon Pangest|JalanJalan Kemang Raya Bhayangkara No.68|KelurahanKelurahan Cibabat 8396889472773|Kecamatankecamatan Cileunyi 575027624029|0113|1844151086376404|561922606183938223848362040388|29022023|10102023|0111|L
L000001XN21132740|04|04|1|01649|2|0000000683462|0000000288778|0000000597881|624083171332190|Cemplunk Hardiansyah Panca Mahendra Dimas Tampubolon Pangest|JalanJalan Kemang Raya Bhayangkara No.88|KelurahanKelurahan Pasirkaliki 336947453|Kecamatankecamatan Rancaekek 97982542231|0113|5177228851626860|198121708671291945485361985015|29022023|10102023|0111|P
