Nomor_Aplikasi|Nomor_Urut_Pengurus|Jumlah_Pengrus|Sandi_Jabatan_BI|Pangsa_Kepemilikan|Bentuk_Pengurus|Modal_Dasar|Modal_Disetor|Modal_Ditempatkan|NPWP_Pengurus|Nama_Pengurus|Alamat_Pengurus|Alamat_Kelurahan|Alamat_Kecamatan|Alamat_Dati_11|No_KTP|No_Akte|Tanggal_Lahir|Tanggal_Akte|Dati_11_Tempat_Lahir|Jenis_Kelamin
L000001Q7WX132740|01|04|10|01913|1|000000039621|000000084196|000000038299|669369380527203|Cemplunk Hardiansyah Panca Mahendra Dimas Tampubolon Panges|JalanJalan Kemang Raya Bhayangkara No.2|KelurahanKelurahan Pasirkaliki 92014429|Kecamatankecamatan Cimahi 7008702492974|0113|8565616341580432|78540307493411768100692668831|29022023|10102023|0111|B
L000001Q7WX132740|02|04|1|05049|1|0000000465232|0000000271939|0000000541964|880885858636035|Cemplunk Hardiansyah Panca Mahendra Dimas Tampubolon Pangest|JalanJalan Kemang Raya Bhayangkara No.81|KelurahanKelurahan Cibabat 2057090464332|Kecamatankecamatan Cimahi 48023081138829|0113|0813319387059807|178429386933984868965549362660|29022023|10102023|0111|M
L000001Q7WX132740|03|04|1|01389|2|0000000992837|0000000197926|0000000166279|923576386825919|Cemplunk Hardiansyah Panca Mahendra Dimas Tampubolon Pangest|JalanJalan Kemang Raya Bhayangkara No.93|KelurahanKelurahan Pasirkaliki 428019739|Kecamatankecamatan Bojongsoang 894068285|0113|0582316693566511|020125341350034602663796981259|29022023|10102023|0111|L
L000001Q7WX132740|04|04|1|01649|2|0000000937543|0000000657438|0000000548574|019690619693954|Cemplunk Hardiansyah Panca Mahendra Dimas Tampubolon Pangest|JalanJalan Kemang Raya Bhayangkara No.33|KelurahanKelurahan Cipageuran 2465252717|Kecamatankecamatan Cileunyi 290115783799|0113|1518439797428998|274110525634935474277764251921|29022023|10102023|0111|P
