Nomor_Aplikasi|Nomor_Urut_Pengurus|Jumlah_Pengrus|Sandi_Jabatan_BI|Pangsa_Kepemilikan|Bentuk_Pengurus|Modal_Dasar|Modal_Disetor|Modal_Ditempatkan|NPWP_Pengurus|Nama_Pengurus|Alamat_Pengurus|Alamat_Kelurahan|Alamat_Kecamatan|Alamat_Dati_11|No_KTP|No_Akte|Tanggal_Lahir|Tanggal_Akte|Dati_11_Tempat_Lahir|Jenis_Kelamin
L000001HDFR132740|01|04|10|01913|1|000000041197|000000034648|000000099367|252176680608337|Cemplunk Hardiansyah Panca Mahendra Dimas Tampubolon Panges|JalanJalan Kemang Raya Bhayangkara No.6|KelurahanKelurahan Cibabat 912820064152|Kecamatankecamatan Cimahi 3792179104205|0113|6381894349589396|03084913534785880569708325739|29022023|10102023|0111|B
L000001HDFR132740|02|04|1|05049|1|0000000979758|0000000193422|0000000466482|548248574175610|Cemplunk Hardiansyah Panca Mahendra Dimas Tampubolon Pangest|JalanJalan Kemang Raya Bhayangkara No.62|KelurahanKelurahan Cibabat 8170045017836|Kecamatankecamatan Rancaekek 36173615350|0113|6798034021881226|430868220192360774191273917148|29022023|10102023|0111|M
L000001HDFR132740|03|04|1|01389|2|0000000124279|0000000253746|0000000937954|665700922657281|Cemplunk Hardiansyah Panca Mahendra Dimas Tampubolon Pangest|JalanJalan Kemang Raya Bhayangkara No.81|KelurahanKelurahan Cipageuran 4741541719|Kecamatankecamatan Cileunyi 117862987564|0113|2460759153383666|027993591131769015833885487446|29022023|10102023|0111|L
L000001HDFR132740|04|04|1|01649|2|0000000277612|0000000474385|0000000939969|969137864033765|Cemplunk Hardiansyah Panca Mahendra Dimas Tampubolon Pangest|JalanJalan Kemang Raya Bhayangkara No.37|KelurahanKelurahan Cipageuran 4532144375|Kecamatankecamatan Cileunyi 319336678975|0113|6367878203906113|289136400383755246905878771604|29022023|10102023|0111|P
