Nomor_Aplikasi|Nomor_Urut_Pengurus|Jumlah_Pengrus|Sandi_Jabatan_BI|Pangsa_Kepemilikan|Bentuk_Pengurus|Modal_Dasar|Modal_Disetor|Modal_Ditempatkan|NPWP_Pengurus|Nama_Pengurus|Alamat_Pengurus|Alamat_Kelurahan|Alamat_Kecamatan|Alamat_Dati_11|No_KTP|No_Akte|Tanggal_Lahir|Tanggal_Akte|Dati_11_Tempat_Lahir|Jenis_Kelamin
L000001UE2O132740|01|04|10|01913|1|000000074576|000000085531|000000083873|576780351904487|Cemplunk Hardiansyah Panca Mahendra Dimas Tampubolon Panges|JalanJalan Kemang Raya Bhayangkara No.0|KelurahanKelurahan Cibabat 685448384885|Kecamatankecamatan Cileunyi 98451257762|0113|4374915259975396|33459412691470031660877707277|29022023|10102023|0111|B
L000001UE2O132740|02|04|1|05049|1|0000000773829|0000000847745|0000000147926|251487692575884|Cemplunk Hardiansyah Panca Mahendra Dimas Tampubolon Pangest|JalanJalan Kemang Raya Bhayangkara No.88|KelurahanKelurahan Pasirkaliki 690814911|Kecamatankecamatan Cileunyi 170533075182|0113|6667317384050023|014560016432042979432192724290|29022023|10102023|0111|M
L000001UE2O132740|03|04|1|01389|2|0000000864726|0000000981813|0000000958696|123438500701656|Cemplunk Hardiansyah Panca Mahendra Dimas Tampubolon Pangest|JalanJalan Kemang Raya Bhayangkara No.47|KelurahanKelurahan Citeureup 17175557754|Kecamatankecamatan Bojongsoang 824887513|0113|8074552070528818|182306982109947806460158962261|29022023|10102023|0111|L
L000001UE2O132740|04|04|1|01649|2|0000000242846|0000000834649|0000000745285|415334093870801|Cemplunk Hardiansyah Panca Mahendra Dimas Tampubolon Pangest|JalanJalan Kemang Raya Bhayangkara No.38|KelurahanKelurahan Cibabat 6218776139210|Kecamatankecamatan Rancaekek 18240565859|0113|9731933312783442|267857599413319862976139923461|29022023|10102023|0111|P
