Nomor_Aplikasi|Nomor_Urut_Pengurus|Jumlah_Pengrus|Sandi_Jabatan_BI|Pangsa_Kepemilikan|Bentuk_Pengurus|Modal_Dasar|Modal_Disetor|Modal_Ditempatkan|NPWP_Pengurus|Nama_Pengurus|Alamat_Pengurus|Alamat_Kelurahan|Alamat_Kecamatan|Alamat_Dati_11|No_KTP|No_Akte|Tanggal_Lahir|Tanggal_Akte|Dati_11_Tempat_Lahir|Jenis_Kelamin
L000001I8UT132740|01|04|10|01913|1|000000027983|000000053943|000000077975|330017119986933|Cemplunk Hardiansyah Panca Mahendra Dimas Tampubolon Panges|JalanJalan Kemang Raya Bhayangkara No.3|KelurahanKelurahan Citeureup 1173203246|Kecamatankecamatan Rancaekek 0016036793|0113|7064254854760751|44127525256150580401226167933|29022023|10102023|0111|B
L000001I8UT132740|02|04|1|05049|1|0000000626496|0000000972593|0000000691637|059240009037524|Cemplunk Hardiansyah Panca Mahendra Dimas Tampubolon Pangest|JalanJalan Kemang Raya Bhayangkara No.83|KelurahanKelurahan Cibabat 9976247430147|Kecamatankecamatan Rancaekek 72737819337|0113|2410366014504956|143434790969946085167435294206|29022023|10102023|0111|M
L000001I8UT132740|03|04|1|01389|2|0000000286846|0000000137992|0000000763255|296925929731741|Cemplunk Hardiansyah Panca Mahendra Dimas Tampubolon Pangest|JalanJalan Kemang Raya Bhayangkara No.60|KelurahanKelurahan Cipageuran 0750446775|Kecamatankecamatan Cileunyi 463493679306|0113|3666922122476859|181439799581544021624088095106|29022023|10102023|0111|L
L000001I8UT132740|04|04|1|01649|2|0000000499616|0000000221225|0000000263593|826986744377980|Cemplunk Hardiansyah Panca Mahendra Dimas Tampubolon Pangest|JalanJalan Kemang Raya Bhayangkara No.08|KelurahanKelurahan Citeureup 99817636580|Kecamatankecamatan Rancaekek 24790488826|0113|3202054406399535|253833602228558234670239986089|29022023|10102023|0111|P
