Nomor_Aplikasi|Nomor_Urut_Pengurus|Jumlah_Pengrus|Sandi_Jabatan_BI|Pangsa_Kepemilikan|Bentuk_Pengurus|Modal_Dasar|Modal_Disetor|Modal_Ditempatkan|NPWP_Pengurus|Nama_Pengurus|Alamat_Pengurus|Alamat_Kelurahan|Alamat_Kecamatan|Alamat_Dati_11|No_KTP|No_Akte|Tanggal_Lahir|Tanggal_Akte|Dati_11_Tempat_Lahir|Jenis_Kelamin
L000001YIBU132740|01|04|10|01913|1|000000046313|000000086666|000000094979|800220703000452|Cemplunk Hardiansyah Panca Mahendra Dimas Tampubolon Panges|JalanJalan Kemang Raya Bhayangkara No.1|KelurahanKelurahan Pasirkaliki 71910298|Kecamatankecamatan Cimahi 3506810788068|0113|0846344732090337|71441439782059985692366542475|29022023|10102023|0111|B
L000001YIBU132740|02|04|1|05049|1|0000000996671|0000000827577|0000000649151|836056735646122|Cemplunk Hardiansyah Panca Mahendra Dimas Tampubolon Pangest|JalanJalan Kemang Raya Bhayangkara No.61|KelurahanKelurahan Cipageuran 6372525665|Kecamatankecamatan Bojongsoang 937552342|0113|9392951761515724|339950070138054465284775751779|29022023|10102023|0111|M
L000001YIBU132740|03|04|1|01389|2|0000000512553|0000000367167|0000000646375|885832766516402|Cemplunk Hardiansyah Panca Mahendra Dimas Tampubolon Pangest|JalanJalan Kemang Raya Bhayangkara No.75|KelurahanKelurahan Cipageuran 1040033921|Kecamatankecamatan Bojongsoang 431084402|0113|8437146947528693|623088538270566450439092878839|29022023|10102023|0111|L
L000001YIBU132740|04|04|1|01649|2|0000000195613|0000000255332|0000000131729|069376605971665|Cemplunk Hardiansyah Panca Mahendra Dimas Tampubolon Pangest|JalanJalan Kemang Raya Bhayangkara No.54|KelurahanKelurahan Cipageuran 6708718242|Kecamatankecamatan Cileunyi 539152073674|0113|6519871043513136|640625691852134020301741943766|29022023|10102023|0111|P
