Nomor_Aplikasi|Nomor_Urut_Pengurus|Jumlah_Pengrus|Sandi_Jabatan_BI|Pangsa_Kepemilikan|Bentuk_Pengurus|Modal_Dasar|Modal_Disetor|Modal_Ditempatkan|NPWP_Pengurus|Nama_Pengurus|Alamat_Pengurus|Alamat_Kelurahan|Alamat_Kecamatan|Alamat_Dati_11|No_KTP|No_Akte|Tanggal_Lahir|Tanggal_Akte|Dati_11_Tempat_Lahir|Jenis_Kelamin
L00000144XB132740|01|04|10|01913|1|000000025354|000000047223|000000049744|732981800183168|Cemplunk Hardiansyah Panca Mahendra Dimas Tampubolon Panges|JalanJalan Kemang Raya Bhayangkara No.0|KelurahanKelurahan Pasirkaliki 17092056|Kecamatankecamatan Cimahi 1156793616265|0113|1212763442090006|11302669382907732412436656501|29022023|10102023|0111|B
L00000144XB132740|02|04|1|05049|1|0000000485645|0000000471269|0000000959692|593118973742312|Cemplunk Hardiansyah Panca Mahendra Dimas Tampubolon Pangest|JalanJalan Kemang Raya Bhayangkara No.71|KelurahanKelurahan Cibabat 6453583868330|Kecamatankecamatan Cimahi 45003382023988|0113|8354714049680170|413602508433538118673270570673|29022023|10102023|0111|M
L00000144XB132740|03|04|1|01389|2|0000000258627|0000000942951|0000000729132|038591114132942|Cemplunk Hardiansyah Panca Mahendra Dimas Tampubolon Pangest|JalanJalan Kemang Raya Bhayangkara No.67|KelurahanKelurahan Cibabat 9920487477604|Kecamatankecamatan Rancaekek 80544597461|0113|1443416585675656|711386785264930933966838894462|29022023|10102023|0111|L
L00000144XB132740|04|04|1|01649|2|0000000363432|0000000887564|0000000852567|351068527892027|Cemplunk Hardiansyah Panca Mahendra Dimas Tampubolon Pangest|JalanJalan Kemang Raya Bhayangkara No.80|KelurahanKelurahan Citeureup 26583922199|Kecamatankecamatan Bojongsoang 523832716|0113|1546278465143585|343823315287645362111311620658|29022023|10102023|0111|P
