Nomor_Aplikasi|Nomor_Urut_Pengurus|Jumlah_Pengrus|Sandi_Jabatan_BI|Pangsa_Kepemilikan|Bentuk_Pengurus|Modal_Dasar|Modal_Disetor|Modal_Ditempatkan|NPWP_Pengurus|Nama_Pengurus|Alamat_Pengurus|Alamat_Kelurahan|Alamat_Kecamatan|Alamat_Dati_11|No_KTP|No_Akte|Tanggal_Lahir|Tanggal_Akte|Dati_11_Tempat_Lahir|Jenis_Kelamin
L0000013L3R132740|01|04|10|01913|1|000000087476|000000078746|000000027454|623533058161974|Cemplunk Hardiansyah Panca Mahendra Dimas Tampubolon Panges|JalanJalan Kemang Raya Bhayangkara No.0|KelurahanKelurahan Pasirkaliki 97958600|Kecamatankecamatan Rancaekek 5594513480|0113|5174958507466396|44319983391754859198543544382|29022023|10102023|0111|B
L0000013L3R132740|02|04|1|05049|1|0000000548373|0000000666284|0000000315953|414092390187815|Cemplunk Hardiansyah Panca Mahendra Dimas Tampubolon Pangest|JalanJalan Kemang Raya Bhayangkara No.40|KelurahanKelurahan Cipageuran 4093818036|Kecamatankecamatan Rancaekek 55760431766|0113|1649898045371978|049905377084209490397492417640|29022023|10102023|0111|M
L0000013L3R132740|03|04|1|01389|2|0000000169199|0000000732838|0000000554661|017357715847127|Cemplunk Hardiansyah Panca Mahendra Dimas Tampubolon Pangest|JalanJalan Kemang Raya Bhayangkara No.69|KelurahanKelurahan Cipageuran 7508835647|Kecamatankecamatan Cileunyi 173743785156|0113|7693881629729659|455667044694384423431150931136|29022023|10102023|0111|L
L0000013L3R132740|04|04|1|01649|2|0000000166478|0000000683297|0000000381917|557431841747858|Cemplunk Hardiansyah Panca Mahendra Dimas Tampubolon Pangest|JalanJalan Kemang Raya Bhayangkara No.23|KelurahanKelurahan Citeureup 72424688512|Kecamatankecamatan Rancaekek 02204023460|0113|5705003884963901|414170696227621118886508346842|29022023|10102023|0111|P
