Nomor_Aplikasi|Nomor_Urut_Pengurus|Jumlah_Pengrus|Sandi_Jabatan_BI|Pangsa_Kepemilikan|Bentuk_Pengurus|Modal_Dasar|Modal_Disetor|Modal_Ditempatkan|NPWP_Pengurus|Nama_Pengurus|Alamat_Pengurus|Alamat_Kelurahan|Alamat_Kecamatan|Alamat_Dati_11|No_KTP|No_Akte|Tanggal_Lahir|Tanggal_Akte|Dati_11_Tempat_Lahir|Jenis_Kelamin
L0000013OYN132740|01|04|10|01913|1|000000083186|000000059469|000000071975|527527166581376|Cemplunk Hardiansyah Panca Mahendra Dimas Tampubolon Panges|JalanJalan Kemang Raya Bhayangkara No.4|KelurahanKelurahan Pasirkaliki 45782771|Kecamatankecamatan Cileunyi 67758049757|0113|7884861759297784|20883763273380832260602062305|29022023|10102023|0111|B
L0000013OYN132740|02|04|1|05049|1|0000000468591|0000000591497|0000000563181|599018520158388|Cemplunk Hardiansyah Panca Mahendra Dimas Tampubolon Pangest|JalanJalan Kemang Raya Bhayangkara No.01|KelurahanKelurahan Cipageuran 4028788564|Kecamatankecamatan Bojongsoang 959668451|0113|9561146313691796|592139126474629297733876003777|29022023|10102023|0111|M
L0000013OYN132740|03|04|1|01389|2|0000000257937|0000000392279|0000000234357|325131654852494|Cemplunk Hardiansyah Panca Mahendra Dimas Tampubolon Pangest|JalanJalan Kemang Raya Bhayangkara No.91|KelurahanKelurahan Cibabat 2586017542297|Kecamatankecamatan Rancaekek 37742947871|0113|6092906578119306|095234445721886865525934767582|29022023|10102023|0111|L
L0000013OYN132740|04|04|1|01649|2|0000000845634|0000000139799|0000000473289|022633199541655|Cemplunk Hardiansyah Panca Mahendra Dimas Tampubolon Pangest|JalanJalan Kemang Raya Bhayangkara No.49|KelurahanKelurahan Cipageuran 2816963621|Kecamatankecamatan Cimahi 52696029620084|0113|1032794208584064|120848358496230756230177308143|29022023|10102023|0111|P
