Nomor_Aplikasi|Nomor_Urut_Pengurus|Jumlah_Pengrus|Sandi_Jabatan_BI|Pangsa_Kepemilikan|Bentuk_Pengurus|Modal_Dasar|Modal_Disetor|Modal_Ditempatkan|NPWP_Pengurus|Nama_Pengurus|Alamat_Pengurus|Alamat_Kelurahan|Alamat_Kecamatan|Alamat_Dati_11|No_KTP|No_Akte|Tanggal_Lahir|Tanggal_Akte|Dati_11_Tempat_Lahir|Jenis_Kelamin
L000001U5FI132740|01|04|10|01913|1|000000051877|000000031551|000000097467|235646402332091|Cemplunk Hardiansyah Panca Mahendra Dimas Tampubolon Panges|JalanJalan Kemang Raya Bhayangkara No.3|KelurahanKelurahan Cipageuran 473864845|Kecamatankecamatan Cimahi 7195740474037|0113|0912383947649993|14617630530094444617469821829|29022023|10102023|0111|B
L000001U5FI132740|02|04|1|05049|1|0000000735154|0000000646592|0000000817688|162751004613038|Cemplunk Hardiansyah Panca Mahendra Dimas Tampubolon Pangest|JalanJalan Kemang Raya Bhayangkara No.80|KelurahanKelurahan Cibabat 6484298808828|Kecamatankecamatan Bojongsoang 078792798|0113|2679867414443683|080858035774292307550661981195|29022023|10102023|0111|M
L000001U5FI132740|03|04|1|01389|2|0000000884783|0000000767382|0000000614516|699868254100213|Cemplunk Hardiansyah Panca Mahendra Dimas Tampubolon Pangest|JalanJalan Kemang Raya Bhayangkara No.42|KelurahanKelurahan Cipageuran 0183506001|Kecamatankecamatan Bojongsoang 358135355|0113|2965406944906985|370696889545270183461944549069|29022023|10102023|0111|L
L000001U5FI132740|04|04|1|01649|2|0000000191251|0000000541955|0000000819677|823124837250758|Cemplunk Hardiansyah Panca Mahendra Dimas Tampubolon Pangest|JalanJalan Kemang Raya Bhayangkara No.81|KelurahanKelurahan Citeureup 09460318531|Kecamatankecamatan Cileunyi 133489774545|0113|3746543013290931|615886032845575075916068337400|29022023|10102023|0111|P
