Nomor_Aplikasi|Nomor_Urut_Pengurus|Jumlah_Pengrus|Sandi_Jabatan_BI|Pangsa_Kepemilikan|Bentuk_Pengurus|Modal_Dasar|Modal_Disetor|Modal_Ditempatkan|NPWP_Pengurus|Nama_Pengurus|Alamat_Pengurus|Alamat_Kelurahan|Alamat_Kecamatan|Alamat_Dati_11|No_KTP|No_Akte|Tanggal_Lahir|Tanggal_Akte|Dati_11_Tempat_Lahir|Jenis_Kelamin
L000001J8BO132740|01|04|10|01913|1|000000016977|000000073284|000000036918|662613185767187|Cemplunk Hardiansyah Panca Mahendra Dimas Tampubolon Panges|JalanJalan Kemang Raya Bhayangkara No.3|KelurahanKelurahan Citeureup 4362229179|Kecamatankecamatan Cileunyi 94356695895|0113|2544995627423377|48231298337991723813764414648|29022023|10102023|0111|B
L000001J8BO132740|02|04|1|05049|1|0000000317355|0000000869665|0000000665739|731991392863186|Cemplunk Hardiansyah Panca Mahendra Dimas Tampubolon Pangest|JalanJalan Kemang Raya Bhayangkara No.78|KelurahanKelurahan Pasirkaliki 753794817|Kecamatankecamatan Rancaekek 81518503916|0113|5882076719267650|725174384856839811314620406321|29022023|10102023|0111|M
L000001J8BO132740|03|04|1|01389|2|0000000866687|0000000618526|0000000553198|743749285951683|Cemplunk Hardiansyah Panca Mahendra Dimas Tampubolon Pangest|JalanJalan Kemang Raya Bhayangkara No.68|KelurahanKelurahan Pasirkaliki 202642509|Kecamatankecamatan Cimahi 41705201834446|0113|7898687639388024|165976293756579752290037438928|29022023|10102023|0111|L
L000001J8BO132740|04|04|1|01649|2|0000000572898|0000000976453|0000000711164|378671452744370|Cemplunk Hardiansyah Panca Mahendra Dimas Tampubolon Pangest|JalanJalan Kemang Raya Bhayangkara No.86|KelurahanKelurahan Cipageuran 3533499170|Kecamatankecamatan Cileunyi 305313621719|0113|2802299592817565|092263115600156353492056749335|29022023|10102023|0111|P
