Nomor_Aplikasi|Nomor_Urut_Pengurus|Jumlah_Pengrus|Sandi_Jabatan_BI|Pangsa_Kepemilikan|Bentuk_Pengurus|Modal_Dasar|Modal_Disetor|Modal_Ditempatkan|NPWP_Pengurus|Nama_Pengurus|Alamat_Pengurus|Alamat_Kelurahan|Alamat_Kecamatan|Alamat_Dati_11|No_KTP|No_Akte|Tanggal_Lahir|Tanggal_Akte|Dati_11_Tempat_Lahir|Jenis_Kelamin
L0000017NUX132740|01|04|10|01913|1|000000095941|000000029958|000000077795|582627479201755|Cemplunk Hardiansyah Panca Mahendra Dimas Tampubolon Panges|JalanJalan Kemang Raya Bhayangkara No.8|KelurahanKelurahan Citeureup 6533563551|Kecamatankecamatan Bojongsoang 39833127|0113|0313084107646891|54401817665437171909660743583|29022023|10102023|0111|B
L0000017NUX132740|02|04|1|05049|1|0000000816865|0000000751368|0000000996656|798447515846032|Cemplunk Hardiansyah Panca Mahendra Dimas Tampubolon Pangest|JalanJalan Kemang Raya Bhayangkara No.46|KelurahanKelurahan Cibabat 4200509559910|Kecamatankecamatan Cileunyi 784038332481|0113|2464034243428813|797430157948869051471172586402|29022023|10102023|0111|M
L0000017NUX132740|03|04|1|01389|2|0000000529863|0000000771989|0000000175414|979634084362832|Cemplunk Hardiansyah Panca Mahendra Dimas Tampubolon Pangest|JalanJalan Kemang Raya Bhayangkara No.61|KelurahanKelurahan Citeureup 30435937894|Kecamatankecamatan Bojongsoang 489242335|0113|5167518197695898|153977778533906856360558615368|29022023|10102023|0111|L
L0000017NUX132740|04|04|1|01649|2|0000000891745|0000000859662|0000000299384|571719307863593|Cemplunk Hardiansyah Panca Mahendra Dimas Tampubolon Pangest|JalanJalan Kemang Raya Bhayangkara No.77|KelurahanKelurahan Cipageuran 8636662377|Kecamatankecamatan Cimahi 05082926426597|0113|1461098707421896|905690183188319779956609764216|29022023|10102023|0111|P
