Nomor_Aplikasi|Nomor_Urut_Pengurus|Jumlah_Pengrus|Sandi_Jabatan_BI|Pangsa_Kepemilikan|Bentuk_Pengurus|Modal_Dasar|Modal_Disetor|Modal_Ditempatkan|NPWP_Pengurus|Nama_Pengurus|Alamat_Pengurus|Alamat_Kelurahan|Alamat_Kecamatan|Alamat_Dati_11|No_KTP|No_Akte|Tanggal_Lahir|Tanggal_Akte|Dati_11_Tempat_Lahir|Jenis_Kelamin
L000001PHUK132740|01|04|10|01913|1|000000019967|000000095399|000000017196|223920654510356|Cemplunk Hardiansyah Panca Mahendra Dimas Tampubolon Panges|JalanJalan Kemang Raya Bhayangkara No.0|KelurahanKelurahan Cibabat 102827329614|Kecamatankecamatan Rancaekek 4054809463|0113|5254225998603430|25428402562880878563277562773|29022023|10102023|0111|B
L000001PHUK132740|02|04|1|05049|1|0000000258139|0000000593399|0000000135661|851215573996581|Cemplunk Hardiansyah Panca Mahendra Dimas Tampubolon Pangest|JalanJalan Kemang Raya Bhayangkara No.81|KelurahanKelurahan Citeureup 25798543227|Kecamatankecamatan Cileunyi 950917854405|0113|8119917679170440|782213555614187628228345500833|29022023|10102023|0111|M
L000001PHUK132740|03|04|1|01389|2|0000000856598|0000000847452|0000000135166|709816151509153|Cemplunk Hardiansyah Panca Mahendra Dimas Tampubolon Pangest|JalanJalan Kemang Raya Bhayangkara No.91|KelurahanKelurahan Pasirkaliki 180336098|Kecamatankecamatan Cimahi 66553691696284|0113|2819836342194419|178522995841613700729519745256|29022023|10102023|0111|L
L000001PHUK132740|04|04|1|01649|2|0000000421368|0000000949777|0000000964851|581638876122879|Cemplunk Hardiansyah Panca Mahendra Dimas Tampubolon Pangest|JalanJalan Kemang Raya Bhayangkara No.77|KelurahanKelurahan Citeureup 56759416681|Kecamatankecamatan Bojongsoang 222012561|0113|4334242407535818|354820812698570628800999300572|29022023|10102023|0111|P
