Nomor_Aplikasi|Nomor_Urut_Pengurus|Jumlah_Pengrus|Sandi_Jabatan_BI|Pangsa_Kepemilikan|Bentuk_Pengurus|Modal_Dasar|Modal_Disetor|Modal_Ditempatkan|NPWP_Pengurus|Nama_Pengurus|Alamat_Pengurus|Alamat_Kelurahan|Alamat_Kecamatan|Alamat_Dati_11|No_KTP|No_Akte|Tanggal_Lahir|Tanggal_Akte|Dati_11_Tempat_Lahir|Jenis_Kelamin
L000001IROU132740|01|04|10|01913|1|000000054283|000000032317|000000083265|590077545271444|Cemplunk Hardiansyah Panca Mahendra Dimas Tampubolon Panges|JalanJalan Kemang Raya Bhayangkara No.7|KelurahanKelurahan Citeureup 7229907107|Kecamatankecamatan Bojongsoang 84817505|0113|2261546053978492|12625586684125659226556097556|29022023|10102023|0111|B
L000001IROU132740|02|04|1|05049|1|0000000796883|0000000867256|0000000122532|373243972556786|Cemplunk Hardiansyah Panca Mahendra Dimas Tampubolon Pangest|JalanJalan Kemang Raya Bhayangkara No.87|KelurahanKelurahan Pasirkaliki 574624399|Kecamatankecamatan Bojongsoang 206784336|0113|7053036203857275|476147734126214268150799238698|29022023|10102023|0111|M
L000001IROU132740|03|04|1|01389|2|0000000135225|0000000931224|0000000121235|020752433855021|Cemplunk Hardiansyah Panca Mahendra Dimas Tampubolon Pangest|JalanJalan Kemang Raya Bhayangkara No.59|KelurahanKelurahan Cipageuran 6747364741|Kecamatankecamatan Bojongsoang 672740597|0113|1627348812737562|640991390539926376706880288321|29022023|10102023|0111|L
L000001IROU132740|04|04|1|01649|2|0000000396989|0000000117791|0000000793615|575306247409989|Cemplunk Hardiansyah Panca Mahendra Dimas Tampubolon Pangest|JalanJalan Kemang Raya Bhayangkara No.31|KelurahanKelurahan Cibabat 3795469246586|Kecamatankecamatan Bojongsoang 997560871|0113|2657268900898615|668409163451898685864288032256|29022023|10102023|0111|P
