Nomor_Aplikasi|Nomor_Urut_Pengurus|Jumlah_Pengrus|Sandi_Jabatan_BI|Pangsa_Kepemilikan|Bentuk_Pengurus|Modal_Dasar|Modal_Disetor|Modal_Ditempatkan|NPWP_Pengurus|Nama_Pengurus|Alamat_Pengurus|Alamat_Kelurahan|Alamat_Kecamatan|Alamat_Dati_11|No_KTP|No_Akte|Tanggal_Lahir|Tanggal_Akte|Dati_11_Tempat_Lahir|Jenis_Kelamin
L000001LWAV132740|01|04|10|01913|1|000000066871|000000083936|000000044317|172687096859119|Cemplunk Hardiansyah Panca Mahendra Dimas Tampubolon Panges|JalanJalan Kemang Raya Bhayangkara No.4|KelurahanKelurahan Citeureup 6893393196|Kecamatankecamatan Cileunyi 85306598158|0113|8299618415240032|27546620527344414355262867271|29022023|10102023|0111|B
L000001LWAV132740|02|04|1|05049|1|0000000846216|0000000842141|0000000921641|196060807403000|Cemplunk Hardiansyah Panca Mahendra Dimas Tampubolon Pangest|JalanJalan Kemang Raya Bhayangkara No.34|KelurahanKelurahan Cipageuran 0880598926|Kecamatankecamatan Bojongsoang 815800331|0113|3158271098246184|396921238496188755441556938638|29022023|10102023|0111|M
L000001LWAV132740|03|04|1|01389|2|0000000385447|0000000953747|0000000453945|817405856986746|Cemplunk Hardiansyah Panca Mahendra Dimas Tampubolon Pangest|JalanJalan Kemang Raya Bhayangkara No.06|KelurahanKelurahan Cibabat 6898221241563|Kecamatankecamatan Bojongsoang 997578791|0113|6343252558705492|960134873211880880517498270462|29022023|10102023|0111|L
L000001LWAV132740|04|04|1|01649|2|0000000827384|0000000961795|0000000838981|992188189156423|Cemplunk Hardiansyah Panca Mahendra Dimas Tampubolon Pangest|JalanJalan Kemang Raya Bhayangkara No.95|KelurahanKelurahan Cibabat 3605056318467|Kecamatankecamatan Bojongsoang 528762833|0113|6227950672409745|625258079677907389592073101263|29022023|10102023|0111|P
