Nomor_Aplikasi|Nomor_Urut_Pengurus|Jumlah_Pengrus|Sandi_Jabatan_BI|Pangsa_Kepemilikan|Bentuk_Pengurus|Modal_Dasar|Modal_Disetor|Modal_Ditempatkan|NPWP_Pengurus|Nama_Pengurus|Alamat_Pengurus|Alamat_Kelurahan|Alamat_Kecamatan|Alamat_Dati_11|No_KTP|No_Akte|Tanggal_Lahir|Tanggal_Akte|Dati_11_Tempat_Lahir|Jenis_Kelamin
L000001E4BE132740|01|04|10|01913|1|000000033281|000000072151|000000082173|612090112736968|Cemplunk Hardiansyah Panca Mahendra Dimas Tampubolon Panges|JalanJalan Kemang Raya Bhayangkara No.6|KelurahanKelurahan Cibabat 804289952714|Kecamatankecamatan Bojongsoang 14062013|0113|0489591977757844|93086830354078845588459864577|29022023|10102023|0111|B
L000001E4BE132740|02|04|1|05049|1|0000000342959|0000000776175|0000000966381|315323486952799|Cemplunk Hardiansyah Panca Mahendra Dimas Tampubolon Pangest|JalanJalan Kemang Raya Bhayangkara No.52|KelurahanKelurahan Citeureup 16919036758|Kecamatankecamatan Cileunyi 694100276805|0113|5931112708031528|758376422252249116296351378423|29022023|10102023|0111|M
L000001E4BE132740|03|04|1|01389|2|0000000896943|0000000511565|0000000553639|965380024846977|Cemplunk Hardiansyah Panca Mahendra Dimas Tampubolon Pangest|JalanJalan Kemang Raya Bhayangkara No.75|KelurahanKelurahan Cibabat 6686651996986|Kecamatankecamatan Rancaekek 34178333817|0113|6625051830606971|153762324516174764535959692063|29022023|10102023|0111|L
L000001E4BE132740|04|04|1|01649|2|0000000318115|0000000112918|0000000916668|955801929025461|Cemplunk Hardiansyah Panca Mahendra Dimas Tampubolon Pangest|JalanJalan Kemang Raya Bhayangkara No.45|KelurahanKelurahan Cipageuran 9771882859|Kecamatankecamatan Cimahi 43032077711163|0113|9487244357031469|579167280387103363099319506709|29022023|10102023|0111|P
