Nomor_Aplikasi|Nomor_Urut_Pengurus|Jumlah_Pengrus|Sandi_Jabatan_BI|Pangsa_Kepemilikan|Bentuk_Pengurus|Modal_Dasar|Modal_Disetor|Modal_Ditempatkan|NPWP_Pengurus|Nama_Pengurus|Alamat_Pengurus|Alamat_Kelurahan|Alamat_Kecamatan|Alamat_Dati_11|No_KTP|No_Akte|Tanggal_Lahir|Tanggal_Akte|Dati_11_Tempat_Lahir|Jenis_Kelamin
L000001F4XY132740|01|04|10|01913|1|000000084681|000000042192|000000065962|580239368136653|Cemplunk Hardiansyah Panca Mahendra Dimas Tampubolon Panges|JalanJalan Kemang Raya Bhayangkara No.2|KelurahanKelurahan Cipageuran 387756926|Kecamatankecamatan Bojongsoang 89520817|0113|9235178510479445|68261185564493303416117111775|29022023|10102023|0111|B
L000001F4XY132740|02|04|1|05049|1|0000000672875|0000000952176|0000000998378|998355423353312|Cemplunk Hardiansyah Panca Mahendra Dimas Tampubolon Pangest|JalanJalan Kemang Raya Bhayangkara No.04|KelurahanKelurahan Cibabat 6051356252276|Kecamatankecamatan Rancaekek 30421354852|0113|0295526562693490|486342586828429013459438226268|29022023|10102023|0111|M
L000001F4XY132740|03|04|1|01389|2|0000000692881|0000000699198|0000000747528|516338275833911|Cemplunk Hardiansyah Panca Mahendra Dimas Tampubolon Pangest|JalanJalan Kemang Raya Bhayangkara No.68|KelurahanKelurahan Cibabat 8793820570078|Kecamatankecamatan Rancaekek 83311636546|0113|9514459534220607|142992003433603563538650925424|29022023|10102023|0111|L
L000001F4XY132740|04|04|1|01649|2|0000000262358|0000000791628|0000000229837|004833707789084|Cemplunk Hardiansyah Panca Mahendra Dimas Tampubolon Pangest|JalanJalan Kemang Raya Bhayangkara No.63|KelurahanKelurahan Cipageuran 0904992656|Kecamatankecamatan Cimahi 49169087222058|0113|0242194061988023|071559213921323895429441591102|29022023|10102023|0111|P
