Nomor_Aplikasi|Nomor_Urut_Pengurus|Jumlah_Pengrus|Sandi_Jabatan_BI|Pangsa_Kepemilikan|Bentuk_Pengurus|Modal_Dasar|Modal_Disetor|Modal_Ditempatkan|NPWP_Pengurus|Nama_Pengurus|Alamat_Pengurus|Alamat_Kelurahan|Alamat_Kecamatan|Alamat_Dati_11|No_KTP|No_Akte|Tanggal_Lahir|Tanggal_Akte|Dati_11_Tempat_Lahir|Jenis_Kelamin
L000001HCJ5132740|01|04|10|01913|1|000000031145|000000081463|000000045175|749578070939926|Cemplunk Hardiansyah Panca Mahendra Dimas Tampubolon Panges|JalanJalan Kemang Raya Bhayangkara No.4|KelurahanKelurahan Cibabat 061452582781|Kecamatankecamatan Bojongsoang 87495332|0113|9698761978266159|86668724276991593159115387964|29022023|10102023|0111|B
L000001HCJ5132740|02|04|1|05049|1|0000000514861|0000000888389|0000000935112|749188404796076|Cemplunk Hardiansyah Panca Mahendra Dimas Tampubolon Pangest|JalanJalan Kemang Raya Bhayangkara No.47|KelurahanKelurahan Pasirkaliki 868978431|Kecamatankecamatan Cileunyi 131082232538|0113|2952887823809952|735632898533695957104365596119|29022023|10102023|0111|M
L000001HCJ5132740|03|04|1|01389|2|0000000117729|0000000921579|0000000747858|798381072050584|Cemplunk Hardiansyah Panca Mahendra Dimas Tampubolon Pangest|JalanJalan Kemang Raya Bhayangkara No.75|KelurahanKelurahan Cipageuran 4913857161|Kecamatankecamatan Cileunyi 585222122770|0113|0052580242411464|014459355066786920318397907292|29022023|10102023|0111|L
L000001HCJ5132740|04|04|1|01649|2|0000000764798|0000000282298|0000000915751|492535677623464|Cemplunk Hardiansyah Panca Mahendra Dimas Tampubolon Pangest|JalanJalan Kemang Raya Bhayangkara No.69|KelurahanKelurahan Pasirkaliki 687425179|Kecamatankecamatan Bojongsoang 359688715|0113|3610373842628646|345021707885514132908609223355|29022023|10102023|0111|P
