Nomor_Aplikasi|Nomor_Urut_Pengurus|Jumlah_Pengrus|Sandi_Jabatan_BI|Pangsa_Kepemilikan|Bentuk_Pengurus|Modal_Dasar|Modal_Disetor|Modal_Ditempatkan|NPWP_Pengurus|Nama_Pengurus|Alamat_Pengurus|Alamat_Kelurahan|Alamat_Kecamatan|Alamat_Dati_11|No_KTP|No_Akte|Tanggal_Lahir|Tanggal_Akte|Dati_11_Tempat_Lahir|Jenis_Kelamin
L000001ZRNL132740|01|04|10|01913|1|000000067767|000000084652|000000058227|879995389925558|Cemplunk Hardiansyah Panca Mahendra Dimas Tampubolon Panges|JalanJalan Kemang Raya Bhayangkara No.7|KelurahanKelurahan Cipageuran 484210685|Kecamatankecamatan Cimahi 3489287701243|0113|1472770238540960|65467667448256744698780838236|29022023|10102023|0111|B
L000001ZRNL132740|02|04|1|05049|1|0000000936769|0000000928917|0000000597667|980794501966138|Cemplunk Hardiansyah Panca Mahendra Dimas Tampubolon Pangest|JalanJalan Kemang Raya Bhayangkara No.02|KelurahanKelurahan Pasirkaliki 096136575|Kecamatankecamatan Rancaekek 72156343290|0113|0497170325249611|704397132728775678003775521468|29022023|10102023|0111|M
L000001ZRNL132740|03|04|1|01389|2|0000000356236|0000000186721|0000000972643|242026321743938|Cemplunk Hardiansyah Panca Mahendra Dimas Tampubolon Pangest|JalanJalan Kemang Raya Bhayangkara No.32|KelurahanKelurahan Cibabat 5183889821362|Kecamatankecamatan Cileunyi 416943846443|0113|1605058003955930|686553234775893867521688116657|29022023|10102023|0111|L
L000001ZRNL132740|04|04|1|01649|2|0000000743529|0000000529116|0000000834577|081761313438643|Cemplunk Hardiansyah Panca Mahendra Dimas Tampubolon Pangest|JalanJalan Kemang Raya Bhayangkara No.85|KelurahanKelurahan Cipageuran 2842581828|Kecamatankecamatan Rancaekek 01484671029|0113|9387303817710851|543107824373475669467946394534|29022023|10102023|0111|P
