Nomor_Aplikasi|Nomor_Urut_Pengurus|Jumlah_Pengrus|Sandi_Jabatan_BI|Pangsa_Kepemilikan|Bentuk_Pengurus|Modal_Dasar|Modal_Disetor|Modal_Ditempatkan|NPWP_Pengurus|Nama_Pengurus|Alamat_Pengurus|Alamat_Kelurahan|Alamat_Kecamatan|Alamat_Dati_11|No_KTP|No_Akte|Tanggal_Lahir|Tanggal_Akte|Dati_11_Tempat_Lahir|Jenis_Kelamin
L000001CRKP132740|01|04|10|01913|1|000000054954|000000064913|000000021889|226541422153330|Cemplunk Hardiansyah Panca Mahendra Dimas Tampubolon Panges|JalanJalan Kemang Raya Bhayangkara No.6|KelurahanKelurahan Citeureup 4227266610|Kecamatankecamatan Cimahi 8679924773644|0113|0608620622397682|83078011184597408813015317857|29022023|10102023|0111|B
L000001CRKP132740|02|04|1|05049|1|0000000669484|0000000369914|0000000595482|667924889453584|Cemplunk Hardiansyah Panca Mahendra Dimas Tampubolon Pangest|JalanJalan Kemang Raya Bhayangkara No.79|KelurahanKelurahan Citeureup 19006761329|Kecamatankecamatan Cimahi 46965721305444|0113|0053638316730762|421831018369603421584270845539|29022023|10102023|0111|M
L000001CRKP132740|03|04|1|01389|2|0000000633712|0000000129535|0000000282449|210429437779644|Cemplunk Hardiansyah Panca Mahendra Dimas Tampubolon Pangest|JalanJalan Kemang Raya Bhayangkara No.26|KelurahanKelurahan Cibabat 7979265428090|Kecamatankecamatan Bojongsoang 858499479|0113|1203661162958032|454751266006907627647864195254|29022023|10102023|0111|L
L000001CRKP132740|04|04|1|01649|2|0000000343337|0000000384854|0000000639467|466532215871243|Cemplunk Hardiansyah Panca Mahendra Dimas Tampubolon Pangest|JalanJalan Kemang Raya Bhayangkara No.79|KelurahanKelurahan Cipageuran 6831988492|Kecamatankecamatan Cileunyi 950605037832|0113|6481184188576645|688712095719095845718557412629|29022023|10102023|0111|P
