Nomor_Aplikasi|Nomor_Urut_Pengurus|Jumlah_Pengrus|Sandi_Jabatan_BI|Pangsa_Kepemilikan|Bentuk_Pengurus|Modal_Dasar|Modal_Disetor|Modal_Ditempatkan|NPWP_Pengurus|Nama_Pengurus|Alamat_Pengurus|Alamat_Kelurahan|Alamat_Kecamatan|Alamat_Dati_11|No_KTP|No_Akte|Tanggal_Lahir|Tanggal_Akte|Dati_11_Tempat_Lahir|Jenis_Kelamin
L000001GVOA132740|01|04|10|01913|1|000000092927|000000084329|000000086945|288519298960255|Cemplunk Hardiansyah Panca Mahendra Dimas Tampubolon Panges|JalanJalan Kemang Raya Bhayangkara No.6|KelurahanKelurahan Cibabat 008726950236|Kecamatankecamatan Bojongsoang 10405409|0113|3432142051617936|41332944416759559533616745370|29022023|10102023|0111|B
L000001GVOA132740|02|04|1|05049|1|0000000397168|0000000133586|0000000962773|852258143705737|Cemplunk Hardiansyah Panca Mahendra Dimas Tampubolon Pangest|JalanJalan Kemang Raya Bhayangkara No.26|KelurahanKelurahan Cipageuran 0998011128|Kecamatankecamatan Cileunyi 743415170644|0113|8728060623471777|247490723456822552476738247156|29022023|10102023|0111|M
L000001GVOA132740|03|04|1|01389|2|0000000714811|0000000399828|0000000425439|116941435763702|Cemplunk Hardiansyah Panca Mahendra Dimas Tampubolon Pangest|JalanJalan Kemang Raya Bhayangkara No.65|KelurahanKelurahan Pasirkaliki 845188952|Kecamatankecamatan Rancaekek 81215145518|0113|6701824224994682|108720280258457074098285558391|29022023|10102023|0111|L
L000001GVOA132740|04|04|1|01649|2|0000000451166|0000000476978|0000000795241|015936352558660|Cemplunk Hardiansyah Panca Mahendra Dimas Tampubolon Pangest|JalanJalan Kemang Raya Bhayangkara No.14|KelurahanKelurahan Citeureup 92745392848|Kecamatankecamatan Cileunyi 142442710122|0113|0753048285234936|668801234202006860056199586283|29022023|10102023|0111|P
