Nomor_Aplikasi|Nomor_Urut_Pengurus|Jumlah_Pengrus|Sandi_Jabatan_BI|Pangsa_Kepemilikan|Bentuk_Pengurus|Modal_Dasar|Modal_Disetor|Modal_Ditempatkan|NPWP_Pengurus|Nama_Pengurus|Alamat_Pengurus|Alamat_Kelurahan|Alamat_Kecamatan|Alamat_Dati_11|No_KTP|No_Akte|Tanggal_Lahir|Tanggal_Akte|Dati_11_Tempat_Lahir|Jenis_Kelamin
L000001HIF5132740|01|04|10|01913|1|000000073475|000000089717|000000038629|648081972648689|Cemplunk Hardiansyah Panca Mahendra Dimas Tampubolon Panges|JalanJalan Kemang Raya Bhayangkara No.7|KelurahanKelurahan Citeureup 3875258323|Kecamatankecamatan Cileunyi 98653435767|0113|3012967986816668|68934240136438801517096721581|29022023|10102023|0111|B
L000001HIF5132740|02|04|1|05049|1|0000000977193|0000000613845|0000000443169|079402948097212|Cemplunk Hardiansyah Panca Mahendra Dimas Tampubolon Pangest|JalanJalan Kemang Raya Bhayangkara No.24|KelurahanKelurahan Cibabat 2146736690641|Kecamatankecamatan Cimahi 28802876587854|0113|1464438425861711|726682168584403842924184832782|29022023|10102023|0111|M
L000001HIF5132740|03|04|1|01389|2|0000000782255|0000000473731|0000000483784|584397412721118|Cemplunk Hardiansyah Panca Mahendra Dimas Tampubolon Pangest|JalanJalan Kemang Raya Bhayangkara No.68|KelurahanKelurahan Cipageuran 3459651290|Kecamatankecamatan Cimahi 71969022491986|0113|0587746490294052|539615732666849160272105427996|29022023|10102023|0111|L
L000001HIF5132740|04|04|1|01649|2|0000000458389|0000000232995|0000000761913|513873435318043|Cemplunk Hardiansyah Panca Mahendra Dimas Tampubolon Pangest|JalanJalan Kemang Raya Bhayangkara No.71|KelurahanKelurahan Citeureup 89848963524|Kecamatankecamatan Rancaekek 43347382875|0113|4113810560781820|587288633976851763333852150105|29022023|10102023|0111|P
