Nomor_Aplikasi|Nomor_Urut_Pengurus|Jumlah_Pengrus|Sandi_Jabatan_BI|Pangsa_Kepemilikan|Bentuk_Pengurus|Modal_Dasar|Modal_Disetor|Modal_Ditempatkan|NPWP_Pengurus|Nama_Pengurus|Alamat_Pengurus|Alamat_Kelurahan|Alamat_Kecamatan|Alamat_Dati_11|No_KTP|No_Akte|Tanggal_Lahir|Tanggal_Akte|Dati_11_Tempat_Lahir|Jenis_Kelamin
L00000191FN162500|01|04|10|01913|1|000000066922|000000036749|000000069622|019102887370581|Cemplunk Hardiansyah Panca Mahendra Dimas Tampubolon Panges|JalanJalan Kemang Raya Bhayangkara No.9|KelurahanKelurahan Citeureup 3560617933|Kecamatankecamatan Cimahi 0913633036304|0113|3339300595975945|05325307305304492664931950829|29022023|10102023|0111|B
L00000191FN162500|02|04|1|05049|1|0000000511999|0000000518375|0000000989366|442763992085790|Cemplunk Hardiansyah Panca Mahendra Dimas Tampubolon Pangest|JalanJalan Kemang Raya Bhayangkara No.36|KelurahanKelurahan Citeureup 27531873684|Kecamatankecamatan Cimahi 08219077658542|0113|4337380624902553|260730797597633860811577495793|29022023|10102023|0111|M
L00000191FN162500|03|04|1|01389|2|0000000821217|0000000838285|0000000742211|021083799339293|Cemplunk Hardiansyah Panca Mahendra Dimas Tampubolon Pangest|JalanJalan Kemang Raya Bhayangkara No.30|KelurahanKelurahan Citeureup 64885147207|Kecamatankecamatan Rancaekek 83742995823|0113|6837182363818120|396505704145521360015380420495|29022023|10102023|0111|L
L00000191FN162500|04|04|1|01649|2|0000000746888|0000000723249|0000000623324|097096336625282|Cemplunk Hardiansyah Panca Mahendra Dimas Tampubolon Pangest|JalanJalan Kemang Raya Bhayangkara No.76|KelurahanKelurahan Pasirkaliki 157973245|Kecamatankecamatan Cileunyi 207073550950|0113|2852761858870061|802514004915363776039246960139|29022023|10102023|0111|P
