Nomor_Aplikasi|Nomor_Urut_Pengurus|Jumlah_Pengrus|Sandi_Jabatan_BI|Pangsa_Kepemilikan|Bentuk_Pengurus|Modal_Dasar|Modal_Disetor|Modal_Ditempatkan|NPWP_Pengurus|Nama_Pengurus|Alamat_Pengurus|Alamat_Kelurahan|Alamat_Kecamatan|Alamat_Dati_11|No_KTP|No_Akte|Tanggal_Lahir|Tanggal_Akte|Dati_11_Tempat_Lahir|Jenis_Kelamin
L0000013GHH162500|01|04|10|01913|1|000000053555|000000075981|000000093681|147634606416818|Cemplunk Hardiansyah Panca Mahendra Dimas Tampubolon Panges|JalanJalan Kemang Raya Bhayangkara No.0|KelurahanKelurahan Cipageuran 018764323|Kecamatankecamatan Cileunyi 77795833742|0113|2105221240561654|24538677161581067851211110279|29022023|10102023|0111|B
L0000013GHH162500|02|04|1|05049|1|0000000137281|0000000742884|0000000982649|062505864633250|Cemplunk Hardiansyah Panca Mahendra Dimas Tampubolon Pangest|JalanJalan Kemang Raya Bhayangkara No.01|KelurahanKelurahan Citeureup 12627322209|Kecamatankecamatan Cileunyi 302325452308|0113|0861375314475741|877546813362034999436305982866|29022023|10102023|0111|M
L0000013GHH162500|03|04|1|01389|2|0000000633261|0000000137249|0000000366636|026905786941993|Cemplunk Hardiansyah Panca Mahendra Dimas Tampubolon Pangest|JalanJalan Kemang Raya Bhayangkara No.10|KelurahanKelurahan Cipageuran 6004554637|Kecamatankecamatan Bojongsoang 051637032|0113|0304229800984408|066507915248394499687015013519|29022023|10102023|0111|L
L0000013GHH162500|04|04|1|01649|2|0000000127363|0000000585989|0000000869411|141203381847555|Cemplunk Hardiansyah Panca Mahendra Dimas Tampubolon Pangest|JalanJalan Kemang Raya Bhayangkara No.22|KelurahanKelurahan Cipageuran 6833520962|Kecamatankecamatan Rancaekek 84962817150|0113|9118913249290436|266649795445330994711452460059|29022023|10102023|0111|P
