Nomor_Aplikasi|Nomor_Urut_Pengurus|Jumlah_Pengrus|Sandi_Jabatan_BI|Pangsa_Kepemilikan|Bentuk_Pengurus|Modal_Dasar|Modal_Disetor|Modal_Ditempatkan|NPWP_Pengurus|Nama_Pengurus|Alamat_Pengurus|Alamat_Kelurahan|Alamat_Kecamatan|Alamat_Dati_11|No_KTP|No_Akte|Tanggal_Lahir|Tanggal_Akte|Dati_11_Tempat_Lahir|Jenis_Kelamin
L000001DVVE162500|01|04|10|01913|1|000000061477|000000069926|000000026783|567391380809127|Cemplunk Hardiansyah Panca Mahendra Dimas Tampubolon Panges|JalanJalan Kemang Raya Bhayangkara No.7|KelurahanKelurahan Cibabat 270084087073|Kecamatankecamatan Rancaekek 8362617062|0113|6579808072610313|09959105551267762714004246675|29022023|10102023|0111|B
L000001DVVE162500|02|04|1|05049|1|0000000815158|0000000681158|0000000729179|462908440603337|Cemplunk Hardiansyah Panca Mahendra Dimas Tampubolon Pangest|JalanJalan Kemang Raya Bhayangkara No.62|KelurahanKelurahan Cipageuran 8390345479|Kecamatankecamatan Cileunyi 926172377421|0113|2773265973172270|794319528907459453872920874675|29022023|10102023|0111|M
L000001DVVE162500|03|04|1|01389|2|0000000412647|0000000868143|0000000726328|073897394839485|Cemplunk Hardiansyah Panca Mahendra Dimas Tampubolon Pangest|JalanJalan Kemang Raya Bhayangkara No.69|KelurahanKelurahan Cipageuran 0833180657|Kecamatankecamatan Rancaekek 86879090597|0113|5331722440372231|131132482550463056773611120480|29022023|10102023|0111|L
L000001DVVE162500|04|04|1|01649|2|0000000531549|0000000222328|0000000519489|039818175379505|Cemplunk Hardiansyah Panca Mahendra Dimas Tampubolon Pangest|JalanJalan Kemang Raya Bhayangkara No.95|KelurahanKelurahan Cipageuran 1720863130|Kecamatankecamatan Rancaekek 99860393876|0113|6080553508293218|549732859945490195222618679878|29022023|10102023|0111|P
