Nomor_Aplikasi|Nama_Debitur|Jenis_Debitur|Alamat|Alamat_Kelurahan|Alamat_Kecamatan|Alamat_Kode_Pos|Alamat_KODE_DATI_II|No_Telepon|No_Akte|Tanggal_Berdiri|No_Akte_Terakhir|Tanggal_Akte_Terakhir|Bidang_Usaha|Nomor_NPWP|Jangka_Waktu|Jenis_Kredit|Plafon|Interest_Rate|Nomor_PK|Tanggal_Akad|Tanggal_Angsuran_1|Jenis_Penggunaan|Sektor_Ekonomi|Omzet|Go_Public|Sandi_Golongan_Debitur|Penghasilan_Kotor_Per_Tahun|Bentuk_Badan_Usaha|Tempat_berdiri_badan_usaha
L000001IXVO162500|PT OtoCORP QEQY162500|B|Jalan Bahyang 3|Kelurahan Bahyang 3|Kecamatan Bahyang 3|10003|0112|081900009003|17-AKTA PERUSAHAAN000000000003|03032023|17-AKTA PERUSAHAAN000000000003|05032023|550000|428165749151941|006|P01|000000110000000|01175|00000000000000090051|05032023|05042023|2|451000|00000010000000000|1|S125012529L|000002300000000|18|Jakarta Selatan
L0000013GHH162500|PT OtoCORP QOCC162500|B|Jalan Bahyang 4|Kelurahan Bahyang 4|Kecamatan Bahyang 4|10004|0112|081900009004|17-AKTA PERUSAHAAN000000000004|02032023|17-AKTA PERUSAHAAN000000000007|04032023|550000|115811115147771|006|P01|000000140000000|01175|00000000000000090051|05032023|05042023|2|451000|00000010000000000|1|S125012529L|000002300000000|18|Jakarta Selatan
L00000191FN162500|PT OtoCORP WYKD162500|B|Jalan Bahyang 5|Kelurahan Bahyang 5|Kecamatan Bahyang 5|10005|0112|081900009005|17-AKTA PERUSAHAAN000000000005|01032023|17-AKTA PERUSAHAAN000000000005|01032023|550000|419711113235118|006|P01|000000130000000|01175|00000000000000090051|05032023|05042023|2|451000|00000010000000000|1|S125012529L|000002300000000|18|Jakarta Selatan
L000001DVVE162500|PT OtoCORP TZNK162500|B|Jalan Bahyang 6|Kelurahan Bahyang 6|Kecamatan Bahyang 6|10006|0112|081900009006|17-AKTA PERUSAHAAN000000000006|28012023|17-AKTA PERUSAHAAN000000000009|26022023|550000|431134131139316|006|P01|000000110000000|01175|00000000000000090051|05032023|05042023|2|451000|00000010000000000|1|S125012529L|000002300000000|18|Jakarta Selatan
L0000012N9T162500|PT OtoCORP DNJG162500|B|Jalan Bahyang 7|Kelurahan Bahyang 7|Kecamatan Bahyang 7|10007|0112|081900009007|17-AKTA PERUSAHAAN000000000007|27012023|17-AKTA PERUSAHAAN000000000007|23022023|550000|231129163631813|006|P01|000000130000000|01175|00000000000000090051|05032023|05042023|2|451000|00000010000000000|1|S125012529L|000002300000000|18|Jakarta Selatan
L000001KKOH162500|PT OtoCORP NLHP162500|B|Jalan Bahyang 8|Kelurahan Bahyang 8|Kecamatan Bahyang 8|10008|0112|081900009008|17-AKTA PERUSAHAAN000000000008|26122022|17-AKTA PERUSAHAAN000000000011|20022023|550000|441323492721771|006|P01|000000190000000|01175|00000000000000090051|05032023|05042023|2|451000|00000010000000000|1|S125012529L|000002300000000|18|Jakarta Selatan
L000001VWDD162500|PT OtoCORP KPGE162500|B|Jalan Bahyang 9|Kelurahan Bahyang 9|Kecamatan Bahyang 9|10009|0112|081900009009|17-AKTA PERUSAHAAN000000000009|25122022|17-AKTA PERUSAHAAN000000000009|17022023|550000|232122141715224|006|P01|000000150000000|01175|00000000000000090051|05032023|05042023|2|451000|00000010000000000|1|S125012529L|000002300000000|18|Jakarta Selatan
L000001BYHK162500|PT OtoCORP XLTY162500|B|Jalan Bahyang 10|Kelurahan Bahyang 10|Kecamatan Bahyang 10|10010|0112|081900009010|17-AKTA PERUSAHAAN000000000010|23112022|17-AKTA PERUSAHAAN000000000013|14022023|550000|631724662811312|006|P01|000000180000000|01175|00000000000000090051|05032023|05042023|2|451000|00000010000000000|1|S125012529L|000002300000000|18|Jakarta Selatan
