Nomor_Aplikasi|Nomor_Urut_Pengurus|Jumlah_Pengrus|Sandi_Jabatan_BI|Pangsa_Kepemilikan|Bentuk_Pengurus|Modal_Dasar|Modal_Disetor|Modal_Ditempatkan|NPWP_Pengurus|Nama_Pengurus|Alamat_Pengurus|Alamat_Kelurahan|Alamat_Kecamatan|Alamat_Dati_11|No_KTP|No_Akte|Tanggal_Lahir|Tanggal_Akte|Dati_11_Tempat_Lahir|Jenis_Kelamin
L00000153HM154541|01|04|10|01913|1|000000053251|000000095822|000000024925|267061720752785|Cemplunk Hardiansyah Panca Mahendra Dimas Tampubolon Panges|JalanJalan Kemang Raya Bhayangkara No.0|KelurahanKelurahan Cipageuran 210019542|Kecamatankecamatan Cimahi 0046513029770|0113|0012033110524556|01362243245167579168739697836|29022023|10102023|0111|B
L00000153HM154541|02|04|1|05049|1|0000000834971|0000000777277|0000000166884|588808769295970|Cemplunk Hardiansyah Panca Mahendra Dimas Tampubolon Pangest|JalanJalan Kemang Raya Bhayangkara No.66|KelurahanKelurahan Citeureup 08339204824|Kecamatankecamatan Bojongsoang 540024939|0113|3453476553976508|771000543579875699401578731368|29022023|10102023|0111|M
L00000153HM154541|03|04|1|01389|2|0000000131166|0000000326469|0000000362498|874043964153767|Cemplunk Hardiansyah Panca Mahendra Dimas Tampubolon Pangest|JalanJalan Kemang Raya Bhayangkara No.91|KelurahanKelurahan Pasirkaliki 363703757|Kecamatankecamatan Bojongsoang 588153350|0113|0485489317637545|562926827546066343701962430020|29022023|10102023|0111|L
L00000153HM154541|04|04|1|01649|2|0000000154625|0000000161927|0000000579942|250736880352385|Cemplunk Hardiansyah Panca Mahendra Dimas Tampubolon Pangest|JalanJalan Kemang Raya Bhayangkara No.24|KelurahanKelurahan Cibabat 0456101671941|Kecamatankecamatan Bojongsoang 910604075|0113|2618324902979479|747486586376055655133757857522|29022023|10102023|0111|P
