Nomor_Aplikasi|Nomor_Urut_Pengurus|Jumlah_Pengrus|Sandi_Jabatan_BI|Pangsa_Kepemilikan|Bentuk_Pengurus|Modal_Dasar|Modal_Disetor|Modal_Ditempatkan|NPWP_Pengurus|Nama_Pengurus|Alamat_Pengurus|Alamat_Kelurahan|Alamat_Kecamatan|Alamat_Dati_11|No_KTP|No_Akte|Tanggal_Lahir|Tanggal_Akte|Dati_11_Tempat_Lahir|Jenis_Kelamin
L000001ERHW154541|01|04|10|01913|1|000000018242|000000071483|000000096789|881813516261882|Cemplunk Hardiansyah Panca Mahendra Dimas Tampubolon Panges|JalanJalan Kemang Raya Bhayangkara No.3|KelurahanKelurahan Citeureup 6767398892|Kecamatankecamatan Cileunyi 39965121514|0113|2023626143956733|36167451791663409039641493673|29022023|10102023|0111|B
L000001ERHW154541|02|04|1|05049|1|0000000822877|0000000113476|0000000566923|106431572377644|Cemplunk Hardiansyah Panca Mahendra Dimas Tampubolon Pangest|JalanJalan Kemang Raya Bhayangkara No.06|KelurahanKelurahan Cibabat 9113486075570|Kecamatankecamatan Cimahi 75366509292390|0113|6746185586168112|546123870187656841375218661305|29022023|10102023|0111|M
L000001ERHW154541|03|04|1|01389|2|0000000618598|0000000816745|0000000663368|402744471479534|Cemplunk Hardiansyah Panca Mahendra Dimas Tampubolon Pangest|JalanJalan Kemang Raya Bhayangkara No.02|KelurahanKelurahan Cipageuran 6987331793|Kecamatankecamatan Cimahi 14948537324831|0113|9860309528184916|903844264972672175960938136734|29022023|10102023|0111|L
L000001ERHW154541|04|04|1|01649|2|0000000256761|0000000297768|0000000535484|138314046167887|Cemplunk Hardiansyah Panca Mahendra Dimas Tampubolon Pangest|JalanJalan Kemang Raya Bhayangkara No.13|KelurahanKelurahan Cibabat 0336443485278|Kecamatankecamatan Cimahi 12115058128399|0113|7858991522217130|151770462971354235392818754115|29022023|10102023|0111|P
