Nomor_Aplikasi|Nomor_Urut_Pengurus|Jumlah_Pengrus|Sandi_Jabatan_BI|Pangsa_Kepemilikan|Bentuk_Pengurus|Modal_Dasar|Modal_Disetor|Modal_Ditempatkan|NPWP_Pengurus|Nama_Pengurus|Alamat_Pengurus|Alamat_Kelurahan|Alamat_Kecamatan|Alamat_Dati_11|No_KTP|No_Akte|Tanggal_Lahir|Tanggal_Akte|Dati_11_Tempat_Lahir|Jenis_Kelamin
L000001NXRK154541|01|04|10|01913|1|000000046726|000000042768|000000022134|993285864736079|Cemplunk Hardiansyah Panca Mahendra Dimas Tampubolon Panges|JalanJalan Kemang Raya Bhayangkara No.6|KelurahanKelurahan Cipageuran 857366242|Kecamatankecamatan Rancaekek 7280464595|0113|9472440476862821|57707030199857355266444708508|29022023|10102023|0111|B
L000001NXRK154541|02|04|1|05049|1|0000000931743|0000000626776|0000000651932|530161319830454|Cemplunk Hardiansyah Panca Mahendra Dimas Tampubolon Pangest|JalanJalan Kemang Raya Bhayangkara No.00|KelurahanKelurahan Pasirkaliki 747267843|Kecamatankecamatan Rancaekek 10205516739|0113|8387222295403379|406209315423105356495202085932|29022023|10102023|0111|M
L000001NXRK154541|03|04|1|01389|2|0000000917178|0000000263943|0000000236967|232213166411806|Cemplunk Hardiansyah Panca Mahendra Dimas Tampubolon Pangest|JalanJalan Kemang Raya Bhayangkara No.31|KelurahanKelurahan Citeureup 70068432482|Kecamatankecamatan Rancaekek 70653925802|0113|4191737701899576|178508783344256755514032671433|29022023|10102023|0111|L
L000001NXRK154541|04|04|1|01649|2|0000000447841|0000000787341|0000000979659|332232599168786|Cemplunk Hardiansyah Panca Mahendra Dimas Tampubolon Pangest|JalanJalan Kemang Raya Bhayangkara No.13|KelurahanKelurahan Cibabat 4749280623589|Kecamatankecamatan Bojongsoang 321193931|0113|9754228852098578|956705527050811516018303325386|29022023|10102023|0111|P
