Nomor_Aplikasi|Nama_Debitur|Jenis_Debitur|Alamat|Alamat_Kelurahan|Alamat_Kecamatan|Alamat_Kode_Pos|Alamat_KODE_DATI_II|No_Telepon|No_Akte|Tanggal_Berdiri|No_Akte_Terakhir|Tanggal_Akte_Terakhir|Bidang_Usaha|Nomor_NPWP|Jangka_Waktu|Jenis_Kredit|Plafon|Interest_Rate|Nomor_PK|Tanggal_Akad|Tanggal_Angsuran_1|Jenis_Penggunaan|Sektor_Ekonomi|Omzet|Go_Public|Sandi_Golongan_Debitur|Penghasilan_Kotor_Per_Tahun|Bentuk_Badan_Usaha|Tempat_berdiri_badan_usaha
L0000024SHQ161846|PT OtoCORP OFAA161846|B|Jalan Bahyang update status approved|Kelurahan Bahyang 3|Kecamatan Bahyang 3|10003|0112|081900009003|17-AKTA PERUSAHAAN000000000003|27012023|17-AKTA PERUSAHAAN000000000003|29012023|550000|735924739141717|006|P01|000000120000000|01175|00000000000000090051|29012023|29072023|2|451000|00000010000000000|1|S125012529L|000002300000000|18|Jakarta Selatan
L0000021LA1161846|PT OtoCORP MEQE161846|B|Jalan Bahyang update status rejected|Kelurahan Bahyang 4|Kecamatan Bahyang 4|10004|0112|081900009004|17-AKTA PERUSAHAAN000000000004|26012023|17-AKTA PERUSAHAAN000000000007|28012023|550000|715111514417111|006|P01|000000120000000|01175|00000000000000090051|29012023|29072023|2|451000|00000010000000000|1|S125012529L|000002300000000|18|Jakarta Selatan
L000002WDK1161846|PT OtoCORP ZPFO161846|B|Jalan Bahyang 5|Kelurahan Bahyang 5|Kecamatan Bahyang 5|10005|0112|081900009005|17-AKTA PERUSAHAAN000000000005|25012023|17-AKTA PERUSAHAAN000000000005|25012023|550000|731226611132181|006|P01|000000170000000|01175|00000000000000090051|29012023|29072023|2|451000|00000010000000000|1|S125012529L|000002300000000|18|Jakarta Selatan
L000002DDTN161846|PT OtoCORP GEJL161846|B|Jalan Bahyang 6|Kelurahan Bahyang 6|Kecamatan Bahyang 6|10006|0112|081900009006|17-AKTA PERUSAHAAN000000000006|24122022|17-AKTA PERUSAHAAN000000000009|22012023|550000|114131932217822|006|P01|000000150000000|01175|00000000000000090051|29012023|29072023|2|451000|00000010000000000|1|S125012529L|000002300000000|18|Jakarta Selatan
L00000237R2161846|PT OtoCORP PDOV161846|B|Jalan Bahyang update status approval expired|Kelurahan Bahyang 7|Kecamatan Bahyang 7|10007|0112|081900009007|17-AKTA PERUSAHAAN000000000007|23122022|17-AKTA PERUSAHAAN000000000007|19012023|550000|137151423311375|006|P01|000000180000000|01175|00000000000000090051|29012023|29072023|2|451000|00000010000000000|1|S125012529L|000002300000000|18|Jakarta Selatan
L000002X3U3161846|PT OtoCORP XICN161846|B|Jalan Bahyang 8|Kelurahan Bahyang 8|Kecamatan Bahyang 8|10008|0112|081900009008|17-AKTA PERUSAHAAN000000000008|21112022|17-AKTA PERUSAHAAN000000000011|16012023|550000|841131111123191|006|P01|000000150000000|01175|00000000000000090051|29012023|29072023|2|451000|00000010000000000|1|S125012529L|000002300000000|18|Jakarta Selatan
L0000026YM4161846|PT OtoCORP LSHE161846|B|Jalan Bahyang 9|Kelurahan Bahyang 9|Kecamatan Bahyang 9|10009|0112|081900009009|17-AKTA PERUSAHAAN000000000009|20112022|17-AKTA PERUSAHAAN000000000009|13012023|550000|421121438817117|006|P01|000000180000000|01175|00000000000000090051|29012023|29072023|2|451000|00000010000000000|1|S125012529L|000002300000000|18|Jakarta Selatan
L000002TVBU161846|PT OtoCORP NSZT161846|B|Jalan Bahyang 10|Kelurahan Bahyang 10|Kecamatan Bahyang 10|10010|0112|081900009010|17-AKTA PERUSAHAAN000000000010|19102022|17-AKTA PERUSAHAAN000000000013|10012023|550000|112171682784955|006|P01|000000110000000|01175|00000000000000090051|29012023|29072023|2|451000|00000010000000000|1|S125012529L|000002300000000|18|Jakarta Selatan
