Nomor_Aplikasi|Nomor_Urut_Pengurus|Jumlah_Pengrus|Sandi_Jabatan_BI|Pangsa_Kepemilikan|Bentuk_Pengurus|Modal_Dasar|Modal_Disetor|Modal_Ditempatkan|NPWP_Pengurus|Nama_Pengurus|Alamat_Pengurus|Alamat_Kelurahan|Alamat_Kecamatan|Alamat_Dati_11|No_KTP|No_Akte|Tanggal_Lahir|Tanggal_Akte|Dati_11_Tempat_Lahir|Jenis_Kelamin
L000001GKL7143523|01|04|10|01913|1|000000044883|000000097597|000000098586|392717747167502|Cemplunk Hardiansyah Panca Mahendra Dimas Tampubolon Panges|JalanJalan Kemang Raya Bhayangkara No.2|KelurahanKelurahan Cibabat 078408995820|Kecamatankecamatan Bojongsoang 00620665|0113|2150682326745055|96868004799916647264009425446|29022023|10102023|0111|B
L000001GKL7143523|02|04|1|05049|1|0000000582399|0000000554927|0000000855288|725014815660665|Cemplunk Hardiansyah Panca Mahendra Dimas Tampubolon Pangest|JalanJalan Kemang Raya Bhayangkara No.17|KelurahanKelurahan Cipageuran 7919449241|Kecamatankecamatan Rancaekek 17773799837|0113|8364787533610331|276612705519690113141896302937|29022023|10102023|0111|M
L000001GKL7143523|03|04|1|01389|2|0000000576635|0000000886691|0000000965657|306273565810333|Cemplunk Hardiansyah Panca Mahendra Dimas Tampubolon Pangest|JalanJalan Kemang Raya Bhayangkara No.28|KelurahanKelurahan Cipageuran 8344147436|Kecamatankecamatan Cimahi 60306058377400|0113|0758096388318473|123259261875027594289708483022|29022023|10102023|0111|L
L000001GKL7143523|04|04|1|01649|2|0000000785282|0000000525557|0000000119179|097471884613316|Cemplunk Hardiansyah Panca Mahendra Dimas Tampubolon Pangest|JalanJalan Kemang Raya Bhayangkara No.29|KelurahanKelurahan Cipageuran 6878096920|Kecamatankecamatan Bojongsoang 567393163|0113|6123046876315319|279980873359869656239330626515|29022023|10102023|0111|P
