Nomor_Aplikasi|Nomor_Urut_Pengurus|Jumlah_Pengrus|Sandi_Jabatan_BI|Pangsa_Kepemilikan|Bentuk_Pengurus|Modal_Dasar|Modal_Disetor|Modal_Ditempatkan|NPWP_Pengurus|Nama_Pengurus|Alamat_Pengurus|Alamat_Kelurahan|Alamat_Kecamatan|Alamat_Dati_11|No_KTP|No_Akte|Tanggal_Lahir|Tanggal_Akte|Dati_11_Tempat_Lahir|Jenis_Kelamin
L000001JUF5143523|01|04|10|01913|1|000000012127|000000053192|000000033144|219577768003528|Cemplunk Hardiansyah Panca Mahendra Dimas Tampubolon Panges|JalanJalan Kemang Raya Bhayangkara No.5|KelurahanKelurahan Cipageuran 853741892|Kecamatankecamatan Rancaekek 6855620889|0113|1511992858821802|27455631521673759314923823245|29022023|10102023|0111|B
L000001JUF5143523|02|04|1|05049|1|0000000487445|0000000291581|0000000334387|558470203946876|Cemplunk Hardiansyah Panca Mahendra Dimas Tampubolon Pangest|JalanJalan Kemang Raya Bhayangkara No.95|KelurahanKelurahan Citeureup 47090184040|Kecamatankecamatan Cileunyi 958957123646|0113|5891527559939028|902612235561278416067035395910|29022023|10102023|0111|M
L000001JUF5143523|03|04|1|01389|2|0000000582825|0000000481745|0000000978985|105653149447337|Cemplunk Hardiansyah Panca Mahendra Dimas Tampubolon Pangest|JalanJalan Kemang Raya Bhayangkara No.18|KelurahanKelurahan Pasirkaliki 932210026|Kecamatankecamatan Rancaekek 80697105038|0113|4894678086266009|412713515841037197422447729950|29022023|10102023|0111|L
L000001JUF5143523|04|04|1|01649|2|0000000459894|0000000344441|0000000539967|438055564959079|Cemplunk Hardiansyah Panca Mahendra Dimas Tampubolon Pangest|JalanJalan Kemang Raya Bhayangkara No.53|KelurahanKelurahan Pasirkaliki 660828875|Kecamatankecamatan Cileunyi 273617006725|0113|1219352488234599|665434284231188510808292196218|29022023|10102023|0111|P
