Nomor_Aplikasi|Nomor_Urut_Pengurus|Jumlah_Pengrus|Sandi_Jabatan_BI|Pangsa_Kepemilikan|Bentuk_Pengurus|Modal_Dasar|Modal_Disetor|Modal_Ditempatkan|NPWP_Pengurus|Nama_Pengurus|Alamat_Pengurus|Alamat_Kelurahan|Alamat_Kecamatan|Alamat_Dati_11|No_KTP|No_Akte|Tanggal_Lahir|Tanggal_Akte|Dati_11_Tempat_Lahir|Jenis_Kelamin
L000001AVHW143523|01|04|10|01913|1|000000094467|000000023949|000000042652|689345423131358|Cemplunk Hardiansyah Panca Mahendra Dimas Tampubolon Panges|JalanJalan Kemang Raya Bhayangkara No.6|KelurahanKelurahan Pasirkaliki 07716563|Kecamatankecamatan Rancaekek 9016183683|0113|4712929627075890|38557903235151899256208986078|29022023|10102023|0111|B
L000001AVHW143523|02|04|1|05049|1|0000000113762|0000000625817|0000000665553|554870667368695|Cemplunk Hardiansyah Panca Mahendra Dimas Tampubolon Pangest|JalanJalan Kemang Raya Bhayangkara No.19|KelurahanKelurahan Cibabat 2201886508766|Kecamatankecamatan Cimahi 87572203158326|0113|9879253755310003|761955978979903992106848491312|29022023|10102023|0111|M
L000001AVHW143523|03|04|1|01389|2|0000000842961|0000000894261|0000000117133|503600203852119|Cemplunk Hardiansyah Panca Mahendra Dimas Tampubolon Pangest|JalanJalan Kemang Raya Bhayangkara No.24|KelurahanKelurahan Cibabat 3109502541887|Kecamatankecamatan Cimahi 59658361159532|0113|1731849510002189|602191739987948426143561812726|29022023|10102023|0111|L
L000001AVHW143523|04|04|1|01649|2|0000000624842|0000000838787|0000000182167|648258223372710|Cemplunk Hardiansyah Panca Mahendra Dimas Tampubolon Pangest|JalanJalan Kemang Raya Bhayangkara No.10|KelurahanKelurahan Cibabat 5862341204675|Kecamatankecamatan Bojongsoang 848514306|0113|2342939300044595|069313701238437663438810159935|29022023|10102023|0111|P
