Nomor_Aplikasi|Nomor_Urut_Pengurus|Jumlah_Pengrus|Sandi_Jabatan_BI|Pangsa_Kepemilikan|Bentuk_Pengurus|Modal_Dasar|Modal_Disetor|Modal_Ditempatkan|NPWP_Pengurus|Nama_Pengurus|Alamat_Pengurus|Alamat_Kelurahan|Alamat_Kecamatan|Alamat_Dati_11|No_KTP|No_Akte|Tanggal_Lahir|Tanggal_Akte|Dati_11_Tempat_Lahir|Jenis_Kelamin
L000001BYHK162500|01|04|10|01913|1|000000047339|000000095956|000000056277|019469892653905|Cemplunk Hardiansyah Panca Mahendra Dimas Tampubolon Panges|JalanJalan Kemang Raya Bhayangkara No.3|KelurahanKelurahan Pasirkaliki 92503994|Kecamatankecamatan Bojongsoang 60669883|0113|0207912177561739|25146545830819346576546057209|29022023|10102023|0111|B
L000001BYHK162500|02|04|1|05049|1|0000000172517|0000000218296|0000000567442|547902295246579|Cemplunk Hardiansyah Panca Mahendra Dimas Tampubolon Pangest|JalanJalan Kemang Raya Bhayangkara No.69|KelurahanKelurahan Cibabat 2390079650177|Kecamatankecamatan Cimahi 32737436707882|0113|0468271218866817|080700335033851889015913743066|29022023|10102023|0111|M
L000001BYHK162500|03|04|1|01389|2|0000000126118|0000000987984|0000000461573|187226696282005|Cemplunk Hardiansyah Panca Mahendra Dimas Tampubolon Pangest|JalanJalan Kemang Raya Bhayangkara No.38|KelurahanKelurahan Cibabat 5468029254604|Kecamatankecamatan Cimahi 23838421637513|0113|4148770614611634|278705929314422787467632953118|29022023|10102023|0111|L
L000001BYHK162500|04|04|1|01649|2|0000000246757|0000000283572|0000000565166|075260468540917|Cemplunk Hardiansyah Panca Mahendra Dimas Tampubolon Pangest|JalanJalan Kemang Raya Bhayangkara No.43|KelurahanKelurahan Citeureup 95206476402|Kecamatankecamatan Rancaekek 35363300066|0113|4337880612072420|388802669333843559046240139051|29022023|10102023|0111|P
