Nomor_Aplikasi|Nomor_Urut_Pengurus|Jumlah_Pengrus|Sandi_Jabatan_BI|Pangsa_Kepemilikan|Bentuk_Pengurus|Modal_Dasar|Modal_Disetor|Modal_Ditempatkan|NPWP_Pengurus|Nama_Pengurus|Alamat_Pengurus|Alamat_Kelurahan|Alamat_Kecamatan|Alamat_Dati_11|No_KTP|No_Akte|Tanggal_Lahir|Tanggal_Akte|Dati_11_Tempat_Lahir|Jenis_Kelamin
L000001IXVO162500|01|04|10|01913|1|000000079531|000000073333|000000016474|149995853635972|Cemplunk Hardiansyah Panca Mahendra Dimas Tampubolon Panges|JalanJalan Kemang Raya Bhayangkara No.7|KelurahanKelurahan Pasirkaliki 84511442|Kecamatankecamatan Bojongsoang 65469171|0113|6483822006173285|71471792716637131507569395158|29022023|10102023|0111|B
L000001IXVO162500|02|04|1|05049|1|0000000688285|0000000434874|0000000593466|423586310476240|Cemplunk Hardiansyah Panca Mahendra Dimas Tampubolon Pangest|JalanJalan Kemang Raya Bhayangkara No.58|KelurahanKelurahan Cipageuran 7578125113|Kecamatankecamatan Rancaekek 58634677760|0113|5967055020197456|837675399159602516361590010662|29022023|10102023|0111|M
L000001IXVO162500|03|04|1|01389|2|0000000935211|0000000892336|0000000654872|058762780732697|Cemplunk Hardiansyah Panca Mahendra Dimas Tampubolon Pangest|JalanJalan Kemang Raya Bhayangkara No.50|KelurahanKelurahan Cipageuran 5243134407|Kecamatankecamatan Cimahi 73359524666730|0113|5637788789602442|613606998388498828970692030015|29022023|10102023|0111|L
L000001IXVO162500|04|04|1|01649|2|0000000312951|0000000756499|0000000125829|225347939203490|Cemplunk Hardiansyah Panca Mahendra Dimas Tampubolon Pangest|JalanJalan Kemang Raya Bhayangkara No.14|KelurahanKelurahan Cibabat 9534468234641|Kecamatankecamatan Rancaekek 33196776287|0113|5977692783899901|267775723130351030301894347375|29022023|10102023|0111|P
