Nomor_Aplikasi|Nomor_Urut_Pengurus|Jumlah_Pengrus|Sandi_Jabatan_BI|Pangsa_Kepemilikan|Bentuk_Pengurus|Modal_Dasar|Modal_Disetor|Modal_Ditempatkan|NPWP_Pengurus|Nama_Pengurus|Alamat_Pengurus|Alamat_Kelurahan|Alamat_Kecamatan|Alamat_Dati_11|No_KTP|No_Akte|Tanggal_Lahir|Tanggal_Akte|Dati_11_Tempat_Lahir|Jenis_Kelamin
L000001VWDD162500|01|04|10|01913|1|000000012324|000000027259|000000012186|845115126808635|Cemplunk Hardiansyah Panca Mahendra Dimas Tampubolon Panges|JalanJalan Kemang Raya Bhayangkara No.9|KelurahanKelurahan Citeureup 1767952552|Kecamatankecamatan Cileunyi 90256427863|0113|3289042425433961|01454214437467692690288526098|29022023|10102023|0111|B
L000001VWDD162500|02|04|1|05049|1|0000000894727|0000000535891|0000000786874|035705246165373|Cemplunk Hardiansyah Panca Mahendra Dimas Tampubolon Pangest|JalanJalan Kemang Raya Bhayangkara No.72|KelurahanKelurahan Cibabat 0936575771691|Kecamatankecamatan Cimahi 14422459504318|0113|9694494215391247|834028076210554251574460455949|29022023|10102023|0111|M
L000001VWDD162500|03|04|1|01389|2|0000000684614|0000000977728|0000000825284|042685084630268|Cemplunk Hardiansyah Panca Mahendra Dimas Tampubolon Pangest|JalanJalan Kemang Raya Bhayangkara No.57|KelurahanKelurahan Citeureup 86270901763|Kecamatankecamatan Rancaekek 47325974917|0113|9431153839671371|094030583231878376134645575842|29022023|10102023|0111|L
L000001VWDD162500|04|04|1|01649|2|0000000523348|0000000534431|0000000191844|192501293523919|Cemplunk Hardiansyah Panca Mahendra Dimas Tampubolon Pangest|JalanJalan Kemang Raya Bhayangkara No.24|KelurahanKelurahan Pasirkaliki 329448329|Kecamatankecamatan Cimahi 90909414835621|0113|5762142272221093|580696767348190605962772667510|29022023|10102023|0111|P
