Nomor_Aplikasi|Nomor_Urut_Pengurus|Jumlah_Pengrus|Sandi_Jabatan_BI|Pangsa_Kepemilikan|Bentuk_Pengurus|Modal_Dasar|Modal_Disetor|Modal_Ditempatkan|NPWP_Pengurus|Nama_Pengurus|Alamat_Pengurus|Alamat_Kelurahan|Alamat_Kecamatan|Alamat_Dati_11|No_KTP|No_Akte|Tanggal_Lahir|Tanggal_Akte|Dati_11_Tempat_Lahir|Jenis_Kelamin
L000001KKOH162500|01|04|10|01913|1|000000092479|000000033587|000000022912|928701880502515|Cemplunk Hardiansyah Panca Mahendra Dimas Tampubolon Panges|JalanJalan Kemang Raya Bhayangkara No.5|KelurahanKelurahan Citeureup 4084533373|Kecamatankecamatan Cileunyi 31523384059|0113|9673296301813572|08384632565537634771565001055|29022023|10102023|0111|B
L000001KKOH162500|02|04|1|05049|1|0000000387835|0000000774499|0000000617522|166434849761050|Cemplunk Hardiansyah Panca Mahendra Dimas Tampubolon Pangest|JalanJalan Kemang Raya Bhayangkara No.45|KelurahanKelurahan Cipageuran 6747596630|Kecamatankecamatan Bojongsoang 653254105|0113|8067435669255754|197130929636635908475211226275|29022023|10102023|0111|M
L000001KKOH162500|03|04|1|01389|2|0000000616537|0000000222233|0000000763337|963503540869526|Cemplunk Hardiansyah Panca Mahendra Dimas Tampubolon Pangest|JalanJalan Kemang Raya Bhayangkara No.27|KelurahanKelurahan Pasirkaliki 588963966|Kecamatankecamatan Bojongsoang 063093829|0113|2552885109422643|639519211540218543373518747270|29022023|10102023|0111|L
L000001KKOH162500|04|04|1|01649|2|0000000168255|0000000361396|0000000248821|756664542143064|Cemplunk Hardiansyah Panca Mahendra Dimas Tampubolon Pangest|JalanJalan Kemang Raya Bhayangkara No.18|KelurahanKelurahan Cibabat 8122680917852|Kecamatankecamatan Rancaekek 17088383059|0113|2152737535148807|541360838430967139845721745032|29022023|10102023|0111|P
