Nomor_Aplikasi|Nomor_Urut_Pengurus|Jumlah_Pengrus|Sandi_Jabatan_BI|Pangsa_Kepemilikan|Bentuk_Pengurus|Modal_Dasar|Modal_Disetor|Modal_Ditempatkan|NPWP_Pengurus|Nama_Pengurus|Alamat_Pengurus|Alamat_Kelurahan|Alamat_Kecamatan|Alamat_Dati_11|No_KTP|No_Akte|Tanggal_Lahir|Tanggal_Akte|Dati_11_Tempat_Lahir|Jenis_Kelamin
L0000012N9T162500|01|04|10|01913|1|000000039611|000000035163|000000043415|328917781047139|Cemplunk Hardiansyah Panca Mahendra Dimas Tampubolon Panges|JalanJalan Kemang Raya Bhayangkara No.8|KelurahanKelurahan Cibabat 452017898059|Kecamatankecamatan Cileunyi 63494934624|0113|4309495672334491|85390536348640212751808561433|29022023|10102023|0111|B
L0000012N9T162500|02|04|1|05049|1|0000000429645|0000000939581|0000000666998|459059183695208|Cemplunk Hardiansyah Panca Mahendra Dimas Tampubolon Pangest|JalanJalan Kemang Raya Bhayangkara No.24|KelurahanKelurahan Citeureup 21902021772|Kecamatankecamatan Bojongsoang 246254211|0113|7748108793972199|250511638892925467433825822144|29022023|10102023|0111|M
L0000012N9T162500|03|04|1|01389|2|0000000556295|0000000992633|0000000929851|765848661684820|Cemplunk Hardiansyah Panca Mahendra Dimas Tampubolon Pangest|JalanJalan Kemang Raya Bhayangkara No.61|KelurahanKelurahan Pasirkaliki 023258209|Kecamatankecamatan Bojongsoang 039665760|0113|4352797050904760|765939246504835296562299621521|29022023|10102023|0111|L
L0000012N9T162500|04|04|1|01649|2|0000000895453|0000000498928|0000000475166|248658495001794|Cemplunk Hardiansyah Panca Mahendra Dimas Tampubolon Pangest|JalanJalan Kemang Raya Bhayangkara No.06|KelurahanKelurahan Cipageuran 9448389703|Kecamatankecamatan Rancaekek 10921571747|0113|2596402846383020|273191211122737814939639875482|29022023|10102023|0111|P
