Nomor_Aplikasi|Nomor_Urut_Pengurus|Jumlah_Pengrus|Sandi_Jabatan_BI|Pangsa_Kepemilikan|Bentuk_Pengurus|Modal_Dasar|Modal_Disetor|Modal_Ditempatkan|NPWP_Pengurus|Nama_Pengurus|Alamat_Pengurus|Alamat_Kelurahan|Alamat_Kecamatan|Alamat_Dati_11|No_KTP|No_Akte|Tanggal_Lahir|Tanggal_Akte|Dati_11_Tempat_Lahir|Jenis_Kelamin
L000001LXNC154541|01|04|10|01913|1|000000076752|000000067111|000000046724|020221532449338|Cemplunk Hardiansyah Panca Mahendra Dimas Tampubolon Panges|JalanJalan Kemang Raya Bhayangkara No.6|KelurahanKelurahan Citeureup 0540478871|Kecamatankecamatan Cileunyi 78333728080|0113|2722392154318630|31532467552104485789387229077|29022023|10102023|0111|B
L000001LXNC154541|02|04|1|05049|1|0000000798927|0000000483267|0000000847785|522818389427166|Cemplunk Hardiansyah Panca Mahendra Dimas Tampubolon Pangest|JalanJalan Kemang Raya Bhayangkara No.84|KelurahanKelurahan Cipageuran 8323572763|Kecamatankecamatan Bojongsoang 548693717|0113|4294363290704823|533598735949730496388366951237|29022023|10102023|0111|M
L000001LXNC154541|03|04|1|01389|2|0000000881691|0000000763951|0000000928522|439301013538975|Cemplunk Hardiansyah Panca Mahendra Dimas Tampubolon Pangest|JalanJalan Kemang Raya Bhayangkara No.68|KelurahanKelurahan Cibabat 4761511577554|Kecamatankecamatan Cimahi 19401095643011|0113|7659621485563013|369076133477856688705206989265|29022023|10102023|0111|L
L000001LXNC154541|04|04|1|01649|2|0000000234662|0000000855146|0000000795983|589140245068312|Cemplunk Hardiansyah Panca Mahendra Dimas Tampubolon Pangest|JalanJalan Kemang Raya Bhayangkara No.98|KelurahanKelurahan Cibabat 1376361722604|Kecamatankecamatan Bojongsoang 045758077|0113|4484362747219527|414497207904727319592157607898|29022023|10102023|0111|P
