Nomor_Aplikasi|Nomor_Urut_Pengurus|Jumlah_Pengrus|Sandi_Jabatan_BI|Pangsa_Kepemilikan|Bentuk_Pengurus|Modal_Dasar|Modal_Disetor|Modal_Ditempatkan|NPWP_Pengurus|Nama_Pengurus|Alamat_Pengurus|Alamat_Kelurahan|Alamat_Kecamatan|Alamat_Dati_11|No_KTP|No_Akte|Tanggal_Lahir|Tanggal_Akte|Dati_11_Tempat_Lahir|Jenis_Kelamin
L000001UDDP154541|01|04|10|01913|1|000000059727|000000076451|000000055654|624625803364774|Cemplunk Hardiansyah Panca Mahendra Dimas Tampubolon Panges|JalanJalan Kemang Raya Bhayangkara No.2|KelurahanKelurahan Citeureup 7499757991|Kecamatankecamatan Cileunyi 57532459430|0113|6042872480914557|86979523832030184139491104434|29022023|10102023|0111|B
L000001UDDP154541|02|04|1|05049|1|0000000551393|0000000521532|0000000311324|841902597165483|Cemplunk Hardiansyah Panca Mahendra Dimas Tampubolon Pangest|JalanJalan Kemang Raya Bhayangkara No.67|KelurahanKelurahan Citeureup 72978736858|Kecamatankecamatan Bojongsoang 928930679|0113|4111246362189266|144107274125561776619731627185|29022023|10102023|0111|M
L000001UDDP154541|03|04|1|01389|2|0000000578346|0000000253178|0000000472537|141118870673949|Cemplunk Hardiansyah Panca Mahendra Dimas Tampubolon Pangest|JalanJalan Kemang Raya Bhayangkara No.87|KelurahanKelurahan Cibabat 9776986501331|Kecamatankecamatan Cimahi 06963857270928|0113|2568556126011692|413769496318380475355314931119|29022023|10102023|0111|L
L000001UDDP154541|04|04|1|01649|2|0000000744159|0000000818723|0000000534651|122064487838248|Cemplunk Hardiansyah Panca Mahendra Dimas Tampubolon Pangest|JalanJalan Kemang Raya Bhayangkara No.84|KelurahanKelurahan Cipageuran 7062490015|Kecamatankecamatan Cimahi 30713371545006|0113|6010016713416816|843761398328012693301039462704|29022023|10102023|0111|P
