Nomor_Aplikasi|Nomor_Urut_Pengurus|Jumlah_Pengrus|Sandi_Jabatan_BI|Pangsa_Kepemilikan|Bentuk_Pengurus|Modal_Dasar|Modal_Disetor|Modal_Ditempatkan|NPWP_Pengurus|Nama_Pengurus|Alamat_Pengurus|Alamat_Kelurahan|Alamat_Kecamatan|Alamat_Dati_11|No_KTP|No_Akte|Tanggal_Lahir|Tanggal_Akte|Dati_11_Tempat_Lahir|Jenis_Kelamin
L00000119LF154541|01|04|10|01913|1|000000087239|000000016853|000000095737|788012515852739|Cemplunk Hardiansyah Panca Mahendra Dimas Tampubolon Panges|JalanJalan Kemang Raya Bhayangkara No.9|KelurahanKelurahan Pasirkaliki 74612431|Kecamatankecamatan Cileunyi 44907229312|0113|7614338225944302|91591778952526408458480126158|29022023|10102023|0111|B
L00000119LF154541|02|04|1|05049|1|0000000147588|0000000789175|0000000179134|762027021618117|Cemplunk Hardiansyah Panca Mahendra Dimas Tampubolon Pangest|JalanJalan Kemang Raya Bhayangkara No.20|KelurahanKelurahan Cibabat 6670698156360|Kecamatankecamatan Cimahi 80447776089361|0113|9068929514544605|251857272349156788018947765415|29022023|10102023|0111|M
L00000119LF154541|03|04|1|01389|2|0000000238188|0000000133243|0000000249335|609726015064937|Cemplunk Hardiansyah Panca Mahendra Dimas Tampubolon Pangest|JalanJalan Kemang Raya Bhayangkara No.18|KelurahanKelurahan Cipageuran 4998986617|Kecamatankecamatan Cimahi 86647420394349|0113|9104655658902293|186928299302400918628886706530|29022023|10102023|0111|L
L00000119LF154541|04|04|1|01649|2|0000000917477|0000000463884|0000000921416|725077058312040|Cemplunk Hardiansyah Panca Mahendra Dimas Tampubolon Pangest|JalanJalan Kemang Raya Bhayangkara No.41|KelurahanKelurahan Cipageuran 8020794148|Kecamatankecamatan Bojongsoang 249587795|0113|9810095309184677|045218317258279701256256257234|29022023|10102023|0111|P
