Nomor_Aplikasi|Nomor_Urut_Pengurus|Jumlah_Pengrus|Sandi_Jabatan_BI|Pangsa_Kepemilikan|Bentuk_Pengurus|Modal_Dasar|Modal_Disetor|Modal_Ditempatkan|NPWP_Pengurus|Nama_Pengurus|Alamat_Pengurus|Alamat_Kelurahan|Alamat_Kecamatan|Alamat_Dati_11|No_KTP|No_Akte|Tanggal_Lahir|Tanggal_Akte|Dati_11_Tempat_Lahir|Jenis_Kelamin
L000001RTD9154541|01|04|10|01913|1|000000044184|000000059524|000000034573|843012171509386|Cemplunk Hardiansyah Panca Mahendra Dimas Tampubolon Panges|JalanJalan Kemang Raya Bhayangkara No.4|KelurahanKelurahan Pasirkaliki 80287627|Kecamatankecamatan Bojongsoang 32641013|0113|9973280938718417|49060708215466208652371977816|29022023|10102023|0111|B
L000001RTD9154541|02|04|1|05049|1|0000000657318|0000000296563|0000000927575|826400360163392|Cemplunk Hardiansyah Panca Mahendra Dimas Tampubolon Pangest|JalanJalan Kemang Raya Bhayangkara No.26|KelurahanKelurahan Pasirkaliki 161663701|Kecamatankecamatan Rancaekek 03501304850|0113|1765290370324207|874502597660873754728241134696|29022023|10102023|0111|M
L000001RTD9154541|03|04|1|01389|2|0000000372166|0000000365485|0000000714328|272949515555915|Cemplunk Hardiansyah Panca Mahendra Dimas Tampubolon Pangest|JalanJalan Kemang Raya Bhayangkara No.32|KelurahanKelurahan Pasirkaliki 609691533|Kecamatankecamatan Cimahi 33468571906864|0113|0177070329721472|854877211794317844358419884501|29022023|10102023|0111|L
L000001RTD9154541|04|04|1|01649|2|0000000459113|0000000599118|0000000548682|781646814576134|Cemplunk Hardiansyah Panca Mahendra Dimas Tampubolon Pangest|JalanJalan Kemang Raya Bhayangkara No.39|KelurahanKelurahan Citeureup 83763152241|Kecamatankecamatan Bojongsoang 343280167|0113|5510686843331846|451110012274134063942071603523|29022023|10102023|0111|P
