Nomor_Aplikasi|Nomor_Urut_Pengurus|Jumlah_Pengrus|Sandi_Jabatan_BI|Pangsa_Kepemilikan|Bentuk_Pengurus|Modal_Dasar|Modal_Disetor|Modal_Ditempatkan|NPWP_Pengurus|Nama_Pengurus|Alamat_Pengurus|Alamat_Kelurahan|Alamat_Kecamatan|Alamat_Dati_11|No_KTP|No_Akte|Tanggal_Lahir|Tanggal_Akte|Dati_11_Tempat_Lahir|Jenis_Kelamin
L000001TF4A154541|01|04|10|01913|1|000000049715|000000052141|000000034111|306461077012580|Cemplunk Hardiansyah Panca Mahendra Dimas Tampubolon Panges|JalanJalan Kemang Raya Bhayangkara No.1|KelurahanKelurahan Pasirkaliki 14912871|Kecamatankecamatan Rancaekek 6446496133|0113|6927651229881817|67029606409554462512701555652|29022023|10102023|0111|B
L000001TF4A154541|02|04|1|05049|1|0000000862677|0000000452728|0000000979155|368148838274775|Cemplunk Hardiansyah Panca Mahendra Dimas Tampubolon Pangest|JalanJalan Kemang Raya Bhayangkara No.31|KelurahanKelurahan Cibabat 8324615749115|Kecamatankecamatan Rancaekek 55351603722|0113|6752180639979301|565955051871186721438099144715|29022023|10102023|0111|M
L000001TF4A154541|03|04|1|01389|2|0000000827782|0000000373147|0000000813118|153193119905422|Cemplunk Hardiansyah Panca Mahendra Dimas Tampubolon Pangest|JalanJalan Kemang Raya Bhayangkara No.09|KelurahanKelurahan Citeureup 27279609355|Kecamatankecamatan Bojongsoang 380776539|0113|3257312741911838|256354396403808380424708469086|29022023|10102023|0111|L
L000001TF4A154541|04|04|1|01649|2|0000000769967|0000000129187|0000000757847|295113019151861|Cemplunk Hardiansyah Panca Mahendra Dimas Tampubolon Pangest|JalanJalan Kemang Raya Bhayangkara No.09|KelurahanKelurahan Cipageuran 5977897539|Kecamatankecamatan Rancaekek 24231081300|0113|7645396470357455|097087365990956903811189398760|29022023|10102023|0111|P
