Nomor_Aplikasi|Nama_Debitur|Jenis_Debitur|Alamat|Alamat_Kelurahan|Alamat_Kecamatan|Alamat_Kode_Pos|Alamat_KODE_DATI_II|No_Telepon|No_Akte|Tanggal_Berdiri|No_Akte_Terakhir|Tanggal_Akte_Terakhir|Bidang_Usaha|Nomor_NPWP|Jangka_Waktu|Jenis_Kredit|Plafon|Interest_Rate|Nomor_PK|Tanggal_Akad|Tanggal_Angsuran_1|Jenis_Penggunaan|Sektor_Ekonomi|Omzet|Go_Public|Sandi_Golongan_Debitur|Penghasilan_Kotor_Per_Tahun|Bentuk_Badan_Usaha|Tempat_berdiri_badan_usaha
L000001UDDP154541|PT OtoCORP MTCP154541|B|Jalan Bahyang 3|Kelurahan Bahyang 3|Kecamatan Bahyang 3|10003|0112|081900009003|17-AKTA PERUSAHAAN000000000003|26022023|17-AKTA PERUSAHAAN000000000003|28022023|550000|111188119866193|006|P01|000000110000000|01175|00000000000000090051|28022023|26032023|2|451000|00000010000000000|1|S125012529L|000002300000000|18|Jakarta Selatan
L00000153HM154541|PT OtoCORP SIPV154541|B|Jalan Bahyang 4|Kelurahan Bahyang 4|Kecamatan Bahyang 4|10004|0112|081900009004|17-AKTA PERUSAHAAN000000000004|25022023|17-AKTA PERUSAHAAN000000000007|27022023|550000|213114335117431|006|P01|000000130000000|01175|00000000000000090051|28022023|26032023|2|451000|00000010000000000|1|S125012529L|000002300000000|18|Jakarta Selatan
L000001ERHW154541|PT OtoCORP QXRM154541|B|Jalan Bahyang 5|Kelurahan Bahyang 5|Kecamatan Bahyang 5|10005|0112|081900009005|17-AKTA PERUSAHAAN000000000005|24022023|17-AKTA PERUSAHAAN000000000005|24022023|550000|151913412329832|006|P01|000000180000000|01175|00000000000000090051|28022023|26032023|2|451000|00000010000000000|1|S125012529L|000002300000000|18|Jakarta Selatan
L000001RTD9154541|PT OtoCORP ZPKZ154541|B|Jalan Bahyang 6|Kelurahan Bahyang 6|Kecamatan Bahyang 6|10006|0112|081900009006|17-AKTA PERUSAHAAN000000000006|23012023|17-AKTA PERUSAHAAN000000000009|21022023|550000|413111441216194|006|P01|000000150000000|01175|00000000000000090051|28022023|26032023|2|451000|00000010000000000|1|S125012529L|000002300000000|18|Jakarta Selatan
L000001NXRK154541|PT OtoCORP QSYW154541|B|Jalan Bahyang 7|Kelurahan Bahyang 7|Kecamatan Bahyang 7|10007|0112|081900009007|17-AKTA PERUSAHAAN000000000007|22012023|17-AKTA PERUSAHAAN000000000007|18022023|550000|159131164227911|006|P01|000000190000000|01175|00000000000000090051|28022023|26032023|2|451000|00000010000000000|1|S125012529L|000002300000000|18|Jakarta Selatan
L000001LXNC154541|PT OtoCORP RFAH154541|B|Jalan Bahyang 8|Kelurahan Bahyang 8|Kecamatan Bahyang 8|10008|0112|081900009008|17-AKTA PERUSAHAAN000000000008|21122022|17-AKTA PERUSAHAAN000000000011|15022023|550000|921368118134319|006|P01|000000190000000|01175|00000000000000090051|28022023|26032023|2|451000|00000010000000000|1|S125012529L|000002300000000|18|Jakarta Selatan
L000001TF4A154541|PT OtoCORP LCDW154541|B|Jalan Bahyang 9|Kelurahan Bahyang 9|Kecamatan Bahyang 9|10009|0112|081900009009|17-AKTA PERUSAHAAN000000000009|20122022|17-AKTA PERUSAHAAN000000000009|12022023|550000|147861459151333|006|P01|000000110000000|01175|00000000000000090051|28022023|26032023|2|451000|00000010000000000|1|S125012529L|000002300000000|18|Jakarta Selatan
L00000119LF154541|PT OtoCORP MLVL154541|B|Jalan Bahyang 10|Kelurahan Bahyang 10|Kecamatan Bahyang 10|10010|0112|081900009010|17-AKTA PERUSAHAAN000000000010|18112022|17-AKTA PERUSAHAAN000000000013|09022023|550000|889111151139631|006|P01|000000120000000|01175|00000000000000090051|28022023|26032023|2|451000|00000010000000000|1|S125012529L|000002300000000|18|Jakarta Selatan
